ac_number,ps_number,ps_name_en,ps_name_hi,setting,block_name_en,village_en,village_lgd_code,village_census_code,panchayat_en,panchayat_lgd_code,ward_no,lon,lat,locate_method,locate_conf,match_score,note,source
32,1,Sharda Kaniya Middle School (Durga Asthan Kandu Tola Pachamba,शारदा कन्या म0 वि0 दुर्गा स्थान कान्दू टोला पचम्बा,urban,Giridih Municipal Corporation,,,,,,1,86.26549,24.20559,osm:Pachamba,0.5,,,"CEO Jharkhand polling-station register, AC 32 Giridih (ceojh.jharkhand.gov.in/PSdetails), 367 stations"
32,2,Mahatma Gandhi Middle School Pachamba,महत्मा गांधी म0 वि0 पचम्बा,urban,Giridih Municipal Corporation,,,,,,1,86.26455,24.20645,osm:Pachamba,0.5,,,"CEO Jharkhand polling-station register, AC 32 Giridih (ceojh.jharkhand.gov.in/PSdetails), 367 stations"
32,3,U.M.S Pethiyatand,उ०म० वि0 पेठियाटांड,urban,Giridih Municipal Corporation,,,,,,1,86.2635,24.20524,sequence:between PS 2 and PS 4,0.25,,,"CEO Jharkhand polling-station register, AC 32 Giridih (ceojh.jharkhand.gov.in/PSdetails), 367 stations"
32,4,High School Pachamba East Part,उ० वि० पचम्बा पूर्वी भाग,urban,Giridih Municipal Corporation,,,,,,1,86.2635,24.20524,osm:Pachamba,0.5,,,"CEO Jharkhand polling-station register, AC 32 Giridih (ceojh.jharkhand.gov.in/PSdetails), 367 stations"
32,5,High School Pachamba West Part,हाई स्कूल पचम्बा प० भाग,urban,Giridih Municipal Corporation,,,,,,1,86.2635,24.20524,osm:Pachamba,0.5,,,"CEO Jharkhand polling-station register, AC 32 Giridih (ceojh.jharkhand.gov.in/PSdetails), 367 stations"
32,6,Urdu Prathmik School Bishunpur,उर्दु प्रा0 वि0 बिशनुर,urban,Giridih Municipal Corporation,,,,,,4,86.28165,24.1992,osm:Bishanpur,0.5,,,"CEO Jharkhand polling-station register, AC 32 Giridih (ceojh.jharkhand.gov.in/PSdetails), 367 stations"
32,7,Middle School Koiyaritola North Part,म0 वि0 कोयरी टोला उत्तर भाग,urban,Giridih Municipal Corporation,,,,,,4,86.27761,24.2008,sequence:between PS 6 and PS 10,0.25,,,"CEO Jharkhand polling-station register, AC 32 Giridih (ceojh.jharkhand.gov.in/PSdetails), 367 stations"
32,8,Middle School Koiyaritola East Part,म० वि० कोयरीटोला पु० भाग,urban,Giridih Municipal Corporation,,,,,,4,86.27357,24.2024,sequence:between PS 7 and PS 10,0.25,,,"CEO Jharkhand polling-station register, AC 32 Giridih (ceojh.jharkhand.gov.in/PSdetails), 367 stations"
32,9,Middle School Koiyaritola South Part,म0 वि0 कोयरीटोला द0 भाग,urban,Giridih Municipal Corporation,,,,,,3,86.26953,24.20399,sequence:between PS 8 and PS 10,0.25,,,"CEO Jharkhand polling-station register, AC 32 Giridih (ceojh.jharkhand.gov.in/PSdetails), 367 stations"
32,10,Urdu Ps Koyritola Pachmba,उर्दू प्राथमिक वि0 कोयरी टोला पचम्बा,urban,Giridih Municipal Corporation,,,,,,1,86.26487,24.20789,osm:Pachamba,0.5,,,"CEO Jharkhand polling-station register, AC 32 Giridih (ceojh.jharkhand.gov.in/PSdetails), 367 stations"
32,11,Ward No. 01 Istith Parwati Devi Rajkiya Kanya M.S Pachamba East Part,वार्ड नं०- 01 स्थित पार्वती देवी राजकीय कन्या म0 वि0 पचम्बा पूर्वी भाग,urban,Giridih Municipal Corporation,,,,,,1,86.26487,24.20789,osm:Pachamba,0.5,,,"CEO Jharkhand polling-station register, AC 32 Giridih (ceojh.jharkhand.gov.in/PSdetails), 367 stations"
32,12,Ward No. 01 Istith Parwati Devi Rajkiya Kanya M.S Pachamba West Part,वार्ड नं०- 01 स्थित पार्वती देवी राजकीय कन्या म0 वि0 पचम्बा (प0 भाग),urban,Giridih Municipal Corporation,,,,,,1,86.26431,24.20333,osm:Pachamba,0.5,,,"CEO Jharkhand polling-station register, AC 32 Giridih (ceojh.jharkhand.gov.in/PSdetails), 367 stations"
32,13,"Middle School Mission Bishanpur, Pachamba","म0 वि0 मिशन विशनपुर, पचम्बा",urban,Giridih Municipal Corporation,,,,,,4,86.28072,24.20006,osm:Bishanpur,0.5,,,"CEO Jharkhand polling-station register, AC 32 Giridih (ceojh.jharkhand.gov.in/PSdetails), 367 stations"
32,14,Samudayik Bhawan Bodo,सामुदायिक भवन बोडो,urban,Giridih Municipal Corporation,,,,,,5,86.2851,24.1978,sequence:between PS 13 and PS 15,0.25,,,"CEO Jharkhand polling-station register, AC 32 Giridih (ceojh.jharkhand.gov.in/PSdetails), 367 stations"
32,15,Hany Holi Trinity School Mohanpur East Part,हनी होली ट्रिनिटी स्कूल मोहनपुर पूर्वी भाग,urban,Giridih Municipal Corporation,,,,,,5,86.28855,24.19639,osm:Mohanpur,0.5,,,"CEO Jharkhand polling-station register, AC 32 Giridih (ceojh.jharkhand.gov.in/PSdetails), 367 stations"
32,16,Hany Holi Trinity School Mohanpur West Part,हनी होली ट्रिनिटी स्कूल मोहनपुर प० भाग,urban,Giridih Municipal Corporation,,,,,,5,86.28761,24.19725,osm:Mohanpur,0.5,,,"CEO Jharkhand polling-station register, AC 32 Giridih (ceojh.jharkhand.gov.in/PSdetails), 367 stations"
32,17,Hany Holi Trinity School Mohanpur Middle Part,हनी होली ट्रिनिटी स्कूल मोहनपुर मध्य भाग,urban,Giridih Municipal Corporation,,,,,,5,86.28869,24.19484,osm:Mohanpur,0.5,,,"CEO Jharkhand polling-station register, AC 32 Giridih (ceojh.jharkhand.gov.in/PSdetails), 367 stations"
32,18,Forest Divisonal Office Mohanpur East Part,वन प्रमण्डल कार्यालय मोहनपुर पूर्वी भाग,urban,Giridih Municipal Corporation,,,,,,5,86.28965,24.19782,osm:Mohanpur,0.5,,,"CEO Jharkhand polling-station register, AC 32 Giridih (ceojh.jharkhand.gov.in/PSdetails), 367 stations"
32,19,Forest Divisonal Office Mohanpur West Part,वन प्रमण्डल कार्यालय मोहनपुर (पश्चिमी भाग),urban,Giridih Municipal Corporation,,,,,,5,86.28657,24.19604,osm:Mohanpur,0.5,,,"CEO Jharkhand polling-station register, AC 32 Giridih (ceojh.jharkhand.gov.in/PSdetails), 367 stations"
32,20,Forest Divisonal Office Mohanpur North Part,वन प्रमण्डल कार्यालय मोहनपुर (उ0 भाग),urban,Giridih Municipal Corporation,,,,,,5,86.28793,24.19869,osm:Mohanpur,0.5,,,"CEO Jharkhand polling-station register, AC 32 Giridih (ceojh.jharkhand.gov.in/PSdetails), 367 stations"
32,21,Assistant Engineer Khan Parshad Office Hazaribagh,सहायक अभियंता खान पार्षद हजारीबाग का कार्यालय,urban,Giridih Municipal Corporation,,,,,,7,86.29226,24.19334,sequence:between PS 20 and PS 22,0.25,,,"CEO Jharkhand polling-station register, AC 32 Giridih (ceojh.jharkhand.gov.in/PSdetails), 367 stations"
32,22,Abdul Kayum Ansari Girls High School Bhandaridih,"अब्दुल क्यूम अंसारी गर्ल्स हाई स्कुल, भण्डारीडीह",urban,Giridih Municipal Corporation,,,,,,8,86.29596,24.19028,osm:Bhandāridih,0.5,,,"CEO Jharkhand polling-station register, AC 32 Giridih (ceojh.jharkhand.gov.in/PSdetails), 367 stations"
32,23,Abdul Kayum Ansari Girls High School Bhandaridih,"अ0 क्यूम अंसारी गल्र्स हाई स्कुल, भण्डारीडीह",urban,Giridih Municipal Corporation,,,,,,8,86.29503,24.19114,osm:Bhandāridih,0.5,,,"CEO Jharkhand polling-station register, AC 32 Giridih (ceojh.jharkhand.gov.in/PSdetails), 367 stations"
32,24,Abdul Kayum Ansari Girls High School Bhandaridih South Part,"अ0 क्यूम अंसारी गल्र्स हाई स्कुल, भण्डारीडीह (द0भा",urban,Giridih Municipal Corporation,,,,,,8,86.29706,24.19171,osm:Bhandāridih,0.5,,,"CEO Jharkhand polling-station register, AC 32 Giridih (ceojh.jharkhand.gov.in/PSdetails), 367 stations"
32,25,Abdul Kayum Ansari Girls High School Bhandaridihea East Part,"अ0 क्यूम अंसारी गल्र्स हाई स्कुल, भण्डारीडीह (पू0भ",urban,Giridih Municipal Corporation,,,,,,8,86.29706,24.19171,osm:Bhandāridih,0.5,,,"CEO Jharkhand polling-station register, AC 32 Giridih (ceojh.jharkhand.gov.in/PSdetails), 367 stations"
32,26,Sent Jon Ps Shastrinagar East Part,सेन्ट जोन प्रा0 वि0 शास्त्रीनगर पूर्वी भाग,urban,Giridih Municipal Corporation,,,,,,8,86.29535,24.19258,sequence:between PS 25 and PS 28,0.25,,,"CEO Jharkhand polling-station register, AC 32 Giridih (ceojh.jharkhand.gov.in/PSdetails), 367 stations"
32,27,Sent Jon P School Shastrinagar East Part,सेन्ट जोन प्रा0 वि0 शास्त्रीनगर प० भाग,urban,Giridih Municipal Corporation,,,,,,8,86.29535,24.19258,sequence:between PS 26 and PS 28,0.25,,,"CEO Jharkhand polling-station register, AC 32 Giridih (ceojh.jharkhand.gov.in/PSdetails), 367 stations"
32,28,Bhandaridih Animal Hasbendary New Building North Part,भण्डारीडीह पशु चिकित्सालय (नया भवन) उत्तर भाग,urban,Giridih Municipal Corporation,,,,,,8,86.29535,24.19258,osm:Bhandāridih,0.5,,,"CEO Jharkhand polling-station register, AC 32 Giridih (ceojh.jharkhand.gov.in/PSdetails), 367 stations"
32,29,Bhandaridih Animal Hasbendary New Building South Part,भण्डारीडीह पशु चिकित्सालय (नया भवन) द0भाग,urban,Giridih Municipal Corporation,,,,,,8,86.2985,24.19121,osm:Bhandāridih,0.5,,,"CEO Jharkhand polling-station register, AC 32 Giridih (ceojh.jharkhand.gov.in/PSdetails), 367 stations"
32,30,Azad Library Giridih East Part,आजाद लाईब्रारी गिरिडीह पूर्वी भाग,urban,Giridih Municipal Corporation,,,,,,8,86.2985,24.19121,sequence:between PS 29 and PS 32,0.25,,,"CEO Jharkhand polling-station register, AC 32 Giridih (ceojh.jharkhand.gov.in/PSdetails), 367 stations"
32,31,Azad Library Giridih West Part,आजाद लाईब्रारी गिरिडीह प0भाग,urban,Giridih Municipal Corporation,,,,,,8,86.2969,24.19326,sequence:between PS 30 and PS 32,0.25,,,"CEO Jharkhand polling-station register, AC 32 Giridih (ceojh.jharkhand.gov.in/PSdetails), 367 stations"
32,32,U.M.S Bhandaridih Hindi West Part,उ० म० वि० भंडारीडीह हिंदी प० भाग,urban,Giridih Municipal Corporation,,,,,,8,86.2969,24.19326,osm:Bhandāridih,0.5,,,"CEO Jharkhand polling-station register, AC 32 Giridih (ceojh.jharkhand.gov.in/PSdetails), 367 stations"
32,33,U.M.S Bhandaridih Hindi Nourth Part,उ० म० वि० भंडारीडीह हिंदी उ0 भाग,urban,Giridih Municipal Corporation,,,,,,8,86.2969,24.19326,osm:Bhandāridih,0.5,,,"CEO Jharkhand polling-station register, AC 32 Giridih (ceojh.jharkhand.gov.in/PSdetails), 367 stations"
32,34,U.M.S Bhandaridih Hindi East Part,उ० म० वि० भंडारीडीह हिंदी पु० भाग,urban,Giridih Municipal Corporation,,,,,,8,86.2982,24.19419,osm:Bhandāridih,0.5,,,"CEO Jharkhand polling-station register, AC 32 Giridih (ceojh.jharkhand.gov.in/PSdetails), 367 stations"
32,35,"J.C.Bose Bhawan, New Barganda","जे0 सी0 बोस भवन, न्यू बरगंडा",urban,Giridih Municipal Corporation,,,,,,8,86.29668,24.1905,sequence:between PS 34 and PS 46,0.25,,,"CEO Jharkhand polling-station register, AC 32 Giridih (ceojh.jharkhand.gov.in/PSdetails), 367 stations"
32,36,Sri R.K Mahila College New Barganda East Part,श्री राम कृष्णा महिला कालेज न्यू बरगंडा पूर्वी भाग,urban,Giridih Municipal Corporation,,,,,,8,86.2974,24.19071,sequence:between PS 35 and PS 46,0.25,,,"CEO Jharkhand polling-station register, AC 32 Giridih (ceojh.jharkhand.gov.in/PSdetails), 367 stations"
32,37,Sri R.K Mahila College New Barganda West Part,श्री राम कृष्णा महिला कालेज न्यू बरगंडा प0 भाग,urban,Giridih Municipal Corporation,,,,,,8,86.29811,24.19093,sequence:between PS 36 and PS 46,0.25,,,"CEO Jharkhand polling-station register, AC 32 Giridih (ceojh.jharkhand.gov.in/PSdetails), 367 stations"
32,38,S.R.J.C Bosegirls High School Barganda North Part,सर जे0 सी0 बोस बालिका उ0 वि0 बरगंडा उत्तर भाग,urban,Giridih Municipal Corporation,,,,,,9,86.29883,24.19114,sequence:between PS 37 and PS 46,0.25,,,"CEO Jharkhand polling-station register, AC 32 Giridih (ceojh.jharkhand.gov.in/PSdetails), 367 stations"
32,39,S.R.J.C Bosegirls High School Barganda South Part,सर जे0 सी0 बोस बालिका उ० वि० बरगंडा द0 भाग,urban,Giridih Municipal Corporation,,,,,,9,86.29955,24.19136,sequence:between PS 38 and PS 46,0.25,,,"CEO Jharkhand polling-station register, AC 32 Giridih (ceojh.jharkhand.gov.in/PSdetails), 367 stations"
32,40,M.S Duga Mata New Barganda East Part,दुर्गा माता म0 वि0 न्यू बरगण्डा पूर्वी भाग,urban,Giridih Municipal Corporation,,,,,,9,86.30026,24.19157,sequence:between PS 39 and PS 46,0.25,,,"CEO Jharkhand polling-station register, AC 32 Giridih (ceojh.jharkhand.gov.in/PSdetails), 367 stations"
32,41,M.S Duga Mata New Barganda West Part,दुर्गा माता म0 वि0 न्यू बरगण्डा प0भाग,urban,Giridih Municipal Corporation,,,,,,9,86.30098,24.19178,sequence:between PS 40 and PS 46,0.25,,,"CEO Jharkhand polling-station register, AC 32 Giridih (ceojh.jharkhand.gov.in/PSdetails), 367 stations"
32,42,Saraswati Shishu Vidya Mandir North Part,सरस्वती शिशु विद्या मंदिर उत्तर भाग,urban,Giridih Municipal Corporation,,,,,,9,86.3017,24.192,sequence:between PS 41 and PS 46,0.25,,,"CEO Jharkhand polling-station register, AC 32 Giridih (ceojh.jharkhand.gov.in/PSdetails), 367 stations"
32,43,Saraswati Shishu Vidya Mandir East Part,सरस्वती शिशु विद्या मंदिर पु० भाग,urban,Giridih Municipal Corporation,,,,,,9,86.30241,24.19221,sequence:between PS 42 and PS 46,0.25,,,"CEO Jharkhand polling-station register, AC 32 Giridih (ceojh.jharkhand.gov.in/PSdetails), 367 stations"
32,44,Saraswati Shishu Vidya Mandir South Part Barganda,सरस्वती शिशु विद्या मंदिर द० भाग बरगंडा,urban,Giridih Municipal Corporation,,,,,,9,86.30313,24.19243,sequence:between PS 43 and PS 46,0.25,,,"CEO Jharkhand polling-station register, AC 32 Giridih (ceojh.jharkhand.gov.in/PSdetails), 367 stations"
32,45,Sahkarita Vibhag Zila Ankekshan Padadhikari Ka Karyalay,सहकारिता विभाग जिला अंकेक्षण पदा0 का कार्यालय,urban,Giridih Municipal Corporation,,,,,,9,86.30385,24.19264,sequence:between PS 44 and PS 46,0.25,,,"CEO Jharkhand polling-station register, AC 32 Giridih (ceojh.jharkhand.gov.in/PSdetails), 367 stations"
32,46,Bangali Balika Middle School Makatpur West Part,बंगाली बालिका म० वि० मकतपुर प० भाग,urban,Giridih Municipal Corporation,,,,,,9,86.30456,24.19286,osm:Makatpur,0.5,,,"CEO Jharkhand polling-station register, AC 32 Giridih (ceojh.jharkhand.gov.in/PSdetails), 367 stations"
32,47,Bangali Balika Middle School Makatpur Middle Part,बंगाली बालिका म० वि० मकतपुर म० भाग,urban,Giridih Municipal Corporation,,,,,,9,86.30363,24.19372,osm:Makatpur,0.5,,,"CEO Jharkhand polling-station register, AC 32 Giridih (ceojh.jharkhand.gov.in/PSdetails), 367 stations"
32,48,Bangali Balika Middle School Makatpur South Part,बंगाली बालिका म० वि० मकतपुर द० भाग,urban,Giridih Municipal Corporation,,,,,,9,86.3047,24.1913,osm:Makatpur,0.5,,,"CEO Jharkhand polling-station register, AC 32 Giridih (ceojh.jharkhand.gov.in/PSdetails), 367 stations"
32,49,Ward No-15 Awashtith Makatpur H.S Makatpur East Part,वार्ड न०-15 अवस्थित मकतपुर उच्च वि० मकतपुर पूर्वी भाग,urban,Giridih Municipal Corporation,,,,,,9,86.30258,24.19251,osm:Makatpur,0.5,,,"CEO Jharkhand polling-station register, AC 32 Giridih (ceojh.jharkhand.gov.in/PSdetails), 367 stations"
32,50,Ward No-15 Awashtith Makatpur H.S Makatpur North Part,वार्ड न०-15 अवस्थित मकतपुर मकतपुर उच्च वि० मकतपुर उ० भाग,urban,Giridih Municipal Corporation,,,,,,9,86.30258,24.19251,osm:Makatpur,0.5,,,"CEO Jharkhand polling-station register, AC 32 Giridih (ceojh.jharkhand.gov.in/PSdetails), 367 stations"
32,51,H.E High School Main Road Giridih North Part,एच0ई0 हाई स्कूल मेन रोड गिरिडीह उत्तर भाग,urban,Giridih Municipal Corporation,,,,,,9,86.30642,24.19167,sequence:between PS 50 and PS 61,0.25,,,"CEO Jharkhand polling-station register, AC 32 Giridih (ceojh.jharkhand.gov.in/PSdetails), 367 stations"
32,52,H.E High School Main Road Giridih South Part,एच0ई0 हाई स्कूल मेन रोड गिरिडीह (द0 भाग),urban,Giridih Municipal Corporation,,,,,,9,86.30395,24.19516,sequence:between PS 51 and PS 61,0.25,,,"CEO Jharkhand polling-station register, AC 32 Giridih (ceojh.jharkhand.gov.in/PSdetails), 367 stations"
32,53,H.E High School Main Road Giridihmiddle Part,एच0ई0 हाई स्कूल मेन रोड गिरिडीह (म0 भाग),urban,Giridih Municipal Corporation,,,,,,9,86.30339,24.1906,sequence:between PS 52 and PS 61,0.25,,,"CEO Jharkhand polling-station register, AC 32 Giridih (ceojh.jharkhand.gov.in/PSdetails), 367 stations"
32,54,Kasturba M.S Buxidih Road North Part,कस्तुरबा म० वि० बक्सीडीह रोड उत्तर भाग,urban,Giridih Municipal Corporation,,,,,,9,86.30193,24.19394,sequence:between PS 53 and PS 61,0.25,,,"CEO Jharkhand polling-station register, AC 32 Giridih (ceojh.jharkhand.gov.in/PSdetails), 367 stations"
32,55,Kasturba M.S Buxidih Road South Part,कस्तुरबा म० वि० बक्सीडीह रोड द० भाग,urban,Giridih Municipal Corporation,,,,,,9,86.30193,24.19394,sequence:between PS 54 and PS 61,0.25,,,"CEO Jharkhand polling-station register, AC 32 Giridih (ceojh.jharkhand.gov.in/PSdetails), 367 stations"
32,56,Nagarpalika Office (Old Bhawan) East Part,नगरपालिका कार्यालय (पुराना भवन) पूर्वी भाग,urban,Giridih Municipal Corporation,,,,,,9,86.30176,24.19123,sequence:between PS 55 and PS 61,0.25,,,"CEO Jharkhand polling-station register, AC 32 Giridih (ceojh.jharkhand.gov.in/PSdetails), 367 stations"
32,57,Nagarpalika Office (Old Bhawan) West Part,नगरपालिका कार्यालय (पुराना भवन) प0भाग,urban,Giridih Municipal Corporation,,,,,,9,86.30176,24.19123,sequence:between PS 56 and PS 61,0.25,,,"CEO Jharkhand polling-station register, AC 32 Giridih (ceojh.jharkhand.gov.in/PSdetails), 367 stations"
32,58,Nagarpalika Office (New Bhawan) North Part,नगरपालिका कार्यालय (नया भवन) उत्तर भाग,urban,Giridih Municipal Corporation,,,,,,9,86.30176,24.19123,sequence:between PS 57 and PS 61,0.25,,,"CEO Jharkhand polling-station register, AC 32 Giridih (ceojh.jharkhand.gov.in/PSdetails), 367 stations"
32,59,Nagarpalika Office (New Bhawan)South Part,नगरपालिका कार्यालय (नया भवन) द0भाग,urban,Giridih Municipal Corporation,,,,,,9,86.30256,24.19571,sequence:between PS 58 and PS 61,0.25,,,"CEO Jharkhand polling-station register, AC 32 Giridih (ceojh.jharkhand.gov.in/PSdetails), 367 stations"
32,60,Ranilaxmibai Middle School,रानीलक्ष्मीबाई मीडील स्कूल,urban,Giridih Municipal Corporation,,,,,,9,86.30256,24.19571,sequence:between PS 59 and PS 61,0.25,,,"CEO Jharkhand polling-station register, AC 32 Giridih (ceojh.jharkhand.gov.in/PSdetails), 367 stations"
32,61,Makatpur High School Middle Part Giridih,मकतपुर उ० वि० म० भाग गिरीडीह,urban,Giridih Municipal Corporation,,,,,,9,86.30075,24.19301,osm:Makatpur,0.5,,,"CEO Jharkhand polling-station register, AC 32 Giridih (ceojh.jharkhand.gov.in/PSdetails), 367 stations"
32,62,Jalan Dharamshala Makatpur East Part,जालान धर्मशाला मकतपुर पूर्वी भाग,urban,Giridih Municipal Corporation,,,,,,9,86.30075,24.19301,osm:Makatpur,0.5,,,"CEO Jharkhand polling-station register, AC 32 Giridih (ceojh.jharkhand.gov.in/PSdetails), 367 stations"
32,63,Jalan Dharamshala Makatpurwest Part,जालान धर्मशाला मकतपुर प0भाग,urban,Giridih Municipal Corporation,,,,,,9,86.30626,24.19198,sequence:between PS 62 and PS 67,0.25,,,"CEO Jharkhand polling-station register, AC 32 Giridih (ceojh.jharkhand.gov.in/PSdetails), 367 stations"
32,64,Shram Kalyan Karyalay Argaghat North Part,श्रम कल्याण कार्यालय अरगाघाट उत्तर भाग,urban,Giridih Municipal Corporation,,,,,,17,86.30796,24.19111,sequence:between PS 63 and PS 67,0.25,,,"CEO Jharkhand polling-station register, AC 32 Giridih (ceojh.jharkhand.gov.in/PSdetails), 367 stations"
32,65,Shram Kalyan Karyalay Argaghat South Part,श्रम कल्याण कार्यालय अरगाघाट द० भाग,urban,Giridih Municipal Corporation,,,,,,17,86.30966,24.19023,sequence:between PS 64 and PS 67,0.25,,,"CEO Jharkhand polling-station register, AC 32 Giridih (ceojh.jharkhand.gov.in/PSdetails), 367 stations"
32,66,U.M.S Argaghat Shram Kalyan Parisar,उ० म० वि० अरगाघाट श्रम कल्याण परिसर,urban,Giridih Municipal Corporation,,,,,,15,86.31136,24.18936,sequence:between PS 65 and PS 67,0.25,,,"CEO Jharkhand polling-station register, AC 32 Giridih (ceojh.jharkhand.gov.in/PSdetails), 367 stations"
32,67,P.S. Barmasiya East Part,प्रा० वि० बरमसिया पूर्वी भाग,urban,Giridih Municipal Corporation,,,,,,15,86.31306,24.18849,osm:Baramasia,0.5,,,"CEO Jharkhand polling-station register, AC 32 Giridih (ceojh.jharkhand.gov.in/PSdetails), 367 stations"
32,68,P.S. Barmasiya West Part,प्रा० वि० बरमसिया प० भाग,urban,Giridih Municipal Corporation,,,,,,15,86.31213,24.18935,osm:Baramasia,0.5,,,"CEO Jharkhand polling-station register, AC 32 Giridih (ceojh.jharkhand.gov.in/PSdetails), 367 stations"
32,69,Utpad Dipo Barmasiya East Part,उत्पाद डीपो बरमसिया पूर्वी भाग,urban,Giridih Municipal Corporation,,,,,,15,86.31416,24.18992,osm:Baramasia,0.5,,,"CEO Jharkhand polling-station register, AC 32 Giridih (ceojh.jharkhand.gov.in/PSdetails), 367 stations"
32,70,Utpad Dipo Barmasiya West Part,उत्पाद डीपो बरमसिया प0भाग,urban,Giridih Municipal Corporation,,,,,,15,86.31416,24.18992,osm:Baramasia,0.5,,,"CEO Jharkhand polling-station register, AC 32 Giridih (ceojh.jharkhand.gov.in/PSdetails), 367 stations"
32,71,Vijay Institute East Part,विजय इन्सीच्चूट पूर्वी भाग,urban,Giridih Municipal Corporation,,,,,,16,86.31207,24.1869,sequence:between PS 70 and PS 79,0.25,,,"CEO Jharkhand polling-station register, AC 32 Giridih (ceojh.jharkhand.gov.in/PSdetails), 367 stations"
32,72,Vijay Institute West Part,विजय इन्सीच्यूट प0 भाग,urban,Giridih Municipal Corporation,,,,,,16,86.31107,24.1853,sequence:between PS 71 and PS 79,0.25,,,"CEO Jharkhand polling-station register, AC 32 Giridih (ceojh.jharkhand.gov.in/PSdetails), 367 stations"
32,73,S.D Public School B.B.C Road Giridih,"एस0 डी0 पब्लिक स्कूल, बी0बी0सी0 रोड गिरिडीह",urban,Giridih Municipal Corporation,,,,,,27,86.31008,24.18371,sequence:between PS 72 and PS 79,0.25,,,"CEO Jharkhand polling-station register, AC 32 Giridih (ceojh.jharkhand.gov.in/PSdetails), 367 stations"
32,74,Candey Floss School East Part,कैण्डी फलोस स्कूल पूर्वी भाग,urban,Giridih Municipal Corporation,,,,,,27,86.30908,24.18212,sequence:between PS 73 and PS 79,0.25,,,"CEO Jharkhand polling-station register, AC 32 Giridih (ceojh.jharkhand.gov.in/PSdetails), 367 stations"
32,75,Candey Floss School West Part,कैण्डी फलोस स्कूल पश्चिम भाग,urban,Giridih Municipal Corporation,,,,,,29,86.30809,24.18053,sequence:between PS 74 and PS 79,0.25,,,"CEO Jharkhand polling-station register, AC 32 Giridih (ceojh.jharkhand.gov.in/PSdetails), 367 stations"
32,76,Candey Floss School North Part,कैण्डी फलोस स्कूल उ० भाग,urban,Giridih Municipal Corporation,,,,,,29,86.3071,24.17894,sequence:between PS 75 and PS 79,0.25,,,"CEO Jharkhand polling-station register, AC 32 Giridih (ceojh.jharkhand.gov.in/PSdetails), 367 stations"
32,77,"Bal Vidya Mandir, Nagina Singh Road Giridih","बाल विद्या मंदिर , नगीना सिंह रोड गिरिडीह",urban,Giridih Municipal Corporation,,,,,,25,86.3061,24.17735,sequence:between PS 76 and PS 79,0.25,,,"CEO Jharkhand polling-station register, AC 32 Giridih (ceojh.jharkhand.gov.in/PSdetails), 367 stations"
32,78,Jila Udyog Karyalay Officer Colony Giridih,जिला उधोग कार्यालय ऑफिसर कॉलोनी गिरिडीह,urban,Giridih Municipal Corporation,,,,,,25,86.30511,24.17575,sequence:between PS 77 and PS 79,0.25,,,"CEO Jharkhand polling-station register, AC 32 Giridih (ceojh.jharkhand.gov.in/PSdetails), 367 stations"
32,79,U Girls M School Koldiha Hindi,उ० कन्या म० वि० कोलडीहा हिंदी,urban,Giridih Municipal Corporation,,,,,,25,86.30411,24.17416,lgd-village:Koldiha,0.45,,,"CEO Jharkhand polling-station register, AC 32 Giridih (ceojh.jharkhand.gov.in/PSdetails), 367 stations"
32,80,Subhash Public School Mohalichuwa East Part,"सुभाष पब्लिक स्कुल, मोहलीचुंवा (पूर्वी भाग)",urban,Giridih Municipal Corporation,,,,,,25,86.30317,24.17502,sequence:between PS 79 and PS 81,0.25,,,"CEO Jharkhand polling-station register, AC 32 Giridih (ceojh.jharkhand.gov.in/PSdetails), 367 stations"
32,81,Urdu P.S Koldiha Niche Tola West Part,उर्दू प्रा० वि० कोलडीहा नीचे टोला प0 भाग,urban,Giridih Municipal Corporation,,,,,,25,86.30425,24.17261,lgd-village:Koldiha,0.45,,,"CEO Jharkhand polling-station register, AC 32 Giridih (ceojh.jharkhand.gov.in/PSdetails), 367 stations"
32,82,Urdu P.S Koldiha Niche Tola Middle Part,उर्दू प्रा०वि० कोलडीहा नीचे टोला म०भाग,urban,Giridih Municipal Corporation,,,,,,25,86.30521,24.17559,lgd-village:Koldiha,0.45,,,"CEO Jharkhand polling-station register, AC 32 Giridih (ceojh.jharkhand.gov.in/PSdetails), 367 stations"
32,83,Sharma Adarsh Middle School Bhuiyantoli North Part,शर्मा आदर्श मध्य वि० भुइयांटोली उत्तर भाग,urban,Giridih Municipal Corporation,,,,,,29,86.30707,24.17348,sequence:ward walk from the last placed station,0.15,,,"CEO Jharkhand polling-station register, AC 32 Giridih (ceojh.jharkhand.gov.in/PSdetails), 367 stations"
32,84,Sharma Adarsh Middle School Bhuiyantoli South Part,शर्मा आदर्श मध्य वि० भुइयांटोली द० भाग,urban,Giridih Municipal Corporation,,,,,,29,86.30817,24.17491,sequence:ward walk from the last placed station,0.15,,,"CEO Jharkhand polling-station register, AC 32 Giridih (ceojh.jharkhand.gov.in/PSdetails), 367 stations"
32,85,Sahkaritakaryalay Naya(Sarkit House,सहकारिता कार्यालय नया (सर्किट हाउस के पास),urban,Giridih Municipal Corporation,,,,,,29,86.30817,24.17491,sequence:ward walk from the last placed station,0.15,,,"CEO Jharkhand polling-station register, AC 32 Giridih (ceojh.jharkhand.gov.in/PSdetails), 367 stations"
32,86,Nagar Bhawan Hutty Bazar North Part,"नगर भवन, हुट्टी बाजार उ० 0भाग",urban,Giridih Municipal Corporation,,,,,,30,86.31235,24.17629,sequence:ward walk from the last placed station,0.15,,,"CEO Jharkhand polling-station register, AC 32 Giridih (ceojh.jharkhand.gov.in/PSdetails), 367 stations"
32,87,Nagar Bhawan Hutty Bazarsouth Part,"नगर भवन, हुट्टी बाजार द0भाग",urban,Giridih Municipal Corporation,,,,,,30,86.31141,24.17715,sequence:ward walk from the last placed station,0.15,,,"CEO Jharkhand polling-station register, AC 32 Giridih (ceojh.jharkhand.gov.in/PSdetails), 367 stations"
32,88,P.S Chudi Muhalla,प्रा0 वि0 चूडी मोहल्ला,urban,Giridih Municipal Corporation,,,,,,30,86.31249,24.17474,sequence:ward walk from the last placed station,0.15,,,"CEO Jharkhand polling-station register, AC 32 Giridih (ceojh.jharkhand.gov.in/PSdetails), 367 stations"
32,89,Jila Suchna Kendra Bhawan Hutty Bazar,जिला सूचना केन्द्र भवन हुट्टी बाजार,urban,Giridih Municipal Corporation,,,,,,30,86.31345,24.17772,sequence:ward walk from the last placed station,0.15,,,"CEO Jharkhand polling-station register, AC 32 Giridih (ceojh.jharkhand.gov.in/PSdetails), 367 stations"
32,90,M.S Mohlichuwa Mahadeo Talab Road East Part,"म0 वि0 मोहलीचुंवा, महादेव तालाब रोड पुर्वी भाग",urban,Giridih Municipal Corporation,,,,,,30,86.31037,24.17594,sequence:ward walk from the last placed station,0.15,,,"CEO Jharkhand polling-station register, AC 32 Giridih (ceojh.jharkhand.gov.in/PSdetails), 367 stations"
32,91,M.S Mohlichuwa Mahadeo Talab Road North Part,"म0 वि0 मोहलीचुंवा, महादेव तालाब रोड (उ0 भाग)",urban,Giridih Municipal Corporation,,,,,,32,86.31367,24.17188,sequence:ward walk from the last placed station,0.15,,,"CEO Jharkhand polling-station register, AC 32 Giridih (ceojh.jharkhand.gov.in/PSdetails), 367 stations"
32,92,M.S Mohlichuwa Mahadeo Talab Road West Part,"म0 वि0 मोहलीचुंवा, महादेव तालाब रोड (प0 भाग)",urban,Giridih Municipal Corporation,,,,,,32,86.31273,24.17274,sequence:ward walk from the last placed station,0.15,,,"CEO Jharkhand polling-station register, AC 32 Giridih (ceojh.jharkhand.gov.in/PSdetails), 367 stations"
32,93,M.S Mohlichuwa Mahadeo Talab Road South Part,"म0 वि0 मोहलीचुंवा, महादेव तालाब रोड (द0 भाग)",urban,Giridih Municipal Corporation,,,,,,32,86.31477,24.17331,sequence:ward walk from the last placed station,0.15,,,"CEO Jharkhand polling-station register, AC 32 Giridih (ceojh.jharkhand.gov.in/PSdetails), 367 stations"
32,94,P.S Dhariyadih Bhuiyantoli,प्रा० वि० धरियाडीह भुइयांटोली,urban,Giridih Municipal Corporation,,,,,,32,86.31477,24.17331,sequence:ward walk from the last placed station,0.15,,,"CEO Jharkhand polling-station register, AC 32 Giridih (ceojh.jharkhand.gov.in/PSdetails), 367 stations"
32,95,Jagjivan P.S Hutty Bazar,जगजीवन प्र0 वि0 हुट्टी बाजार,urban,Giridih Municipal Corporation,,,,,,32,86.31169,24.17153,sequence:ward walk from the last placed station,0.15,,,"CEO Jharkhand polling-station register, AC 32 Giridih (ceojh.jharkhand.gov.in/PSdetails), 367 stations"
32,96,Samudayik Bhawan Dhariyadih East Part,"सामुदायिक भवन, धरियाडीह पूर्वी भाग",urban,Giridih Municipal Corporation,,,,,,33,86.31079,24.16915,sequence:ward walk from the last placed station,0.15,,,"CEO Jharkhand polling-station register, AC 32 Giridih (ceojh.jharkhand.gov.in/PSdetails), 367 stations"
32,97,Samudayik Bhawan Dhariyadih West Part,"सामुदायिक भवन, धरियाडीह प0भाग",urban,Giridih Municipal Corporation,,,,,,33,86.30985,24.17001,sequence:ward walk from the last placed station,0.15,,,"CEO Jharkhand polling-station register, AC 32 Giridih (ceojh.jharkhand.gov.in/PSdetails), 367 stations"
32,98,Jain M.S North Part,जैन म0 वि0 उ० भाग,urban,Giridih Municipal Corporation,,,,,,33,86.31093,24.1676,sequence:ward walk from the last placed station,0.15,,,"CEO Jharkhand polling-station register, AC 32 Giridih (ceojh.jharkhand.gov.in/PSdetails), 367 stations"
32,99,Jain M.Ssouth Part,जैन म0 वि0 द0भाग,urban,Giridih Municipal Corporation,,,,,,33,86.31189,24.17058,sequence:ward walk from the last placed station,0.15,,,"CEO Jharkhand polling-station register, AC 32 Giridih (ceojh.jharkhand.gov.in/PSdetails), 367 stations"
32,100,B.N.S D.A.V Public School Bulaki Road East Part,बी0एन0एस0डी0ए0भी0 पब्लिक स्कूल बुलाकी रोड पूर्वी भाग,urban,Giridih Municipal Corporation,,,,,,33,86.30881,24.1688,sequence:ward walk from the last placed station,0.15,,,"CEO Jharkhand polling-station register, AC 32 Giridih (ceojh.jharkhand.gov.in/PSdetails), 367 stations"
32,101,B.N.S D.A.V Public School Bulaki Road West Part,बी0एन0एस0डी0ए0भी0 पब्लिक स्कूल बुलाकी रोड प० भाग,urban,Giridih Municipal Corporation,,,,,,34,86.31655,24.16572,sequence:ward walk from the last placed station,0.15,,,"CEO Jharkhand polling-station register, AC 32 Giridih (ceojh.jharkhand.gov.in/PSdetails), 367 stations"
32,102,Chapariya Dharam Shala,छपरिया धर्मशाला,urban,Giridih Municipal Corporation,,,,,,34,86.31561,24.16658,sequence:ward walk from the last placed station,0.15,,,"CEO Jharkhand polling-station register, AC 32 Giridih (ceojh.jharkhand.gov.in/PSdetails), 367 stations"
32,103,Kendriya Pustkalay Giridih,केन्द्रीय पुस्तकालय गिरिडीह,urban,Giridih Municipal Corporation,,,,,,34,86.31669,24.16417,sequence:ward walk from the last placed station,0.15,,,"CEO Jharkhand polling-station register, AC 32 Giridih (ceojh.jharkhand.gov.in/PSdetails), 367 stations"
32,104,P .W.D Path Pramandal Office East Part,पी0डब्ल्यू डी0 पथ प्रमण्डल कार्यालय पूर्वी भाग,urban,Giridih Municipal Corporation,,,,,,34,86.31765,24.16715,sequence:ward walk from the last placed station,0.15,,,"CEO Jharkhand polling-station register, AC 32 Giridih (ceojh.jharkhand.gov.in/PSdetails), 367 stations"
32,105,P .W.D Path Pramandal Office West Part,पी0डब्ल्यू डी0 पथ प्रमण्डल कार्यालय प० भाग,urban,Giridih Municipal Corporation,,,,,,34,86.31457,24.16537,sequence:ward walk from the last placed station,0.15,,,"CEO Jharkhand polling-station register, AC 32 Giridih (ceojh.jharkhand.gov.in/PSdetails), 367 stations"
32,106,Gurunanak School Giridih,गुरू नानक स्कूल गिरिडीह,urban,Giridih Municipal Corporation,,,,,,35,86.32364,24.1655,sequence:ward walk from the last placed station,0.15,,,"CEO Jharkhand polling-station register, AC 32 Giridih (ceojh.jharkhand.gov.in/PSdetails), 367 stations"
32,107,Kamla Nehru Middle School Giridih,कमला नेहरू मध्य विदयालय गिरिडीह,urban,Giridih Municipal Corporation,,,,,,35,86.3227,24.16636,sequence:ward walk from the last placed station,0.15,,,"CEO Jharkhand polling-station register, AC 32 Giridih (ceojh.jharkhand.gov.in/PSdetails), 367 stations"
32,108,Ward No 25- Located Nehru M.S North Part,वार्ड नं0-25 स्थित नेहरू म0 वि0 उत्तर भाग,urban,Giridih Municipal Corporation,,,,,,35,86.32377,24.16395,sequence:ward walk from the last placed station,0.15,,,"CEO Jharkhand polling-station register, AC 32 Giridih (ceojh.jharkhand.gov.in/PSdetails), 367 stations"
32,109,Ward No 25- Located Nehru M.S South Part,वार्ड नं0-25 स्थित नेहरू म0 वि0 (द0 भाग),urban,Giridih Municipal Corporation,,,,,,35,86.32473,24.16693,sequence:ward walk from the last placed station,0.15,,,"CEO Jharkhand polling-station register, AC 32 Giridih (ceojh.jharkhand.gov.in/PSdetails), 367 stations"
32,110,Ward No 25- Located Nehru M.S East Part,वार्ड नं0-25 स्थित नेहरू म0 वि0 (पू0 भाग),urban,Giridih Municipal Corporation,,,,,,35,86.32302,24.1678,sequence:ward walk from the last placed station,0.15,,,"CEO Jharkhand polling-station register, AC 32 Giridih (ceojh.jharkhand.gov.in/PSdetails), 367 stations"
32,111,Ward No 25- Located Nehru M.S West Part,वार्ड नं0-25 स्थित नेहरू म0 वि0 (प0 भाग),urban,Giridih Municipal Corporation,,,,,,31,86.31887,24.1743,sequence:ward walk from the last placed station,0.15,,,"CEO Jharkhand polling-station register, AC 32 Giridih (ceojh.jharkhand.gov.in/PSdetails), 367 stations"
32,112,Rajgadiya Dharamshala North Part,राजगढिया धर्मशाला उत्तरी भाग,urban,Giridih Municipal Corporation,,,,,,31,86.31793,24.17516,sequence:ward walk from the last placed station,0.15,,,"CEO Jharkhand polling-station register, AC 32 Giridih (ceojh.jharkhand.gov.in/PSdetails), 367 stations"
32,113,Rajgadiya Dharamshala South Part Tundi Road,राजगढिया धर्मशाला दक्षिणी भाग टुंडी रोड,urban,Giridih Municipal Corporation,,,,,,31,86.319,24.17275,sequence:ward walk from the last placed station,0.15,,,"CEO Jharkhand polling-station register, AC 32 Giridih (ceojh.jharkhand.gov.in/PSdetails), 367 stations"
32,114,Sri Ram Bhawan North Part,श्री राम भवन उत्तरी भाग,urban,Giridih Municipal Corporation,,,,,,28,86.31918,24.18231,sequence:ward walk from the last placed station,0.15,,,"CEO Jharkhand polling-station register, AC 32 Giridih (ceojh.jharkhand.gov.in/PSdetails), 367 stations"
32,115,Sri Ram Bhawan(South Part),श्री राम भवन (दक्षिणी भाग),urban,Giridih Municipal Corporation,,,,,,28,86.31931,24.18076,sequence:ward walk from the last placed station,0.15,,,"CEO Jharkhand polling-station register, AC 32 Giridih (ceojh.jharkhand.gov.in/PSdetails), 367 stations"
32,116,U.M.S.Arakshi Kendra North West Part Ward No 29,उ०म०वि० आरक्षी केन्द्र उतरी पशिचमी भाग वार्ड नंबर 29,urban,Giridih Municipal Corporation,,,,,,28,86.31931,24.18076,sequence:ward walk from the last placed station,0.15,,,"CEO Jharkhand polling-station register, AC 32 Giridih (ceojh.jharkhand.gov.in/PSdetails), 367 stations"
32,117,U.M.S.Arakshi Kendra North East Part Ward No 29,उ0 म0 वि0 आरक्षी केन्द्र उतरी पूर्वी भाग वार्ड नं0-29,urban,Giridih Municipal Corporation,,,,,,28,86.32027,24.18374,sequence:ward walk from the last placed station,0.15,,,"CEO Jharkhand polling-station register, AC 32 Giridih (ceojh.jharkhand.gov.in/PSdetails), 367 stations"
32,118,U.M.S Arakshi Kendra East Part,उ०म०वि० आरक्षी केन्द्र पूर्वी भाग,rural,Giridih Block,,,,Parsatand,112917,,86.27357,24.21987,sequence:nearest matched station (PS 126),0.2,,,"CEO Jharkhand polling-station register, AC 32 Giridih (ceojh.jharkhand.gov.in/PSdetails), 367 stations"
32,119,U.M.S. Arakshi Kendra West Part,उ०म०वि० आरक्षी केन्द्र पशिचमी भाग,rural,Giridih Block,,,,Parsatand,112917,,86.27264,24.22073,sequence:nearest matched station (PS 126),0.2,,,"CEO Jharkhand polling-station register, AC 32 Giridih (ceojh.jharkhand.gov.in/PSdetails), 367 stations"
32,120,U.M.S. Arakshi Kendra North Part,उ०म०वि० आरक्षी केन्द्र उतरी भाग,rural,Giridih Block,,,,Parsatand,112917,,86.27371,24.21832,sequence:nearest matched station (PS 126),0.2,,,"CEO Jharkhand polling-station register, AC 32 Giridih (ceojh.jharkhand.gov.in/PSdetails), 367 stations"
32,121,City Centre Awasiye School Rajendra Nagar,सी0टी0 सेंटर आवासीय विद्यालय राजेन्द्र नगर,rural,Giridih Block,,,,Parsatand,112917,,86.27467,24.2213,sequence:nearest matched station (PS 126),0.2,,,"CEO Jharkhand polling-station register, AC 32 Giridih (ceojh.jharkhand.gov.in/PSdetails), 367 stations"
32,122,U.Urdu Kanya M.S. Barwadih East Part,उत्क्रमित उर्दू कन्या म0 वि0 बरवाडीह पूर्वी भाग,rural,Giridih Block,,,,Parsatand,112917,,86.27159,24.21952,sequence:nearest matched station (PS 126),0.2,,,"CEO Jharkhand polling-station register, AC 32 Giridih (ceojh.jharkhand.gov.in/PSdetails), 367 stations"
32,123,U.Urdu Kanya M.S.Barwadih West Part,उत्क्रमित उर्दू कन्या म0 वि0 बरवाडीह प0भाग,rural,Giridih Block,,,,Parsatand,112917,,86.27543,24.21869,sequence:nearest matched station (PS 126),0.2,,,"CEO Jharkhand polling-station register, AC 32 Giridih (ceojh.jharkhand.gov.in/PSdetails), 367 stations"
32,124,Adukeyar Public School Barwadih East Part,एडूकेयर पब्लिक स्कूल बरवाडीह पूर्वी भाग,rural,Giridih Block,,,,Parsatand,112917,,86.27296,24.22217,sequence:nearest matched station (PS 126),0.2,,,"CEO Jharkhand polling-station register, AC 32 Giridih (ceojh.jharkhand.gov.in/PSdetails), 367 stations"
32,125,"Educare Public School,Barwadih West Part",एडूकेयर पब्लिक स्कूल बरवाडीह प0भाग,rural,Giridih Block,,,,Parsatand,112917,,86.2724,24.21761,sequence:nearest matched station (PS 126),0.2,,,"CEO Jharkhand polling-station register, AC 32 Giridih (ceojh.jharkhand.gov.in/PSdetails), 367 stations"
32,126,Panchayat Bhawan Parsatand,पंचायत भवन परसाटांड़,rural,Giridih Block,Parsatanr,352042,352042,Parsatand,112917,,86.27112,24.22362,lgd-village:parasatanra,0.6,1.0,,"CEO Jharkhand polling-station register, AC 32 Giridih (ceojh.jharkhand.gov.in/PSdetails), 367 stations"
32,127,P.S Chandandih,प्रा0वि0 चन्दनडीह,rural,Giridih Block,Chandandih,352049,352049,Parsatand,112917,,86.27293,24.21747,lgd-village:chandandih,0.6,1.0,,"CEO Jharkhand polling-station register, AC 32 Giridih (ceojh.jharkhand.gov.in/PSdetails), 367 stations"
32,128,Samudayak Bhawan Jaridih,सा0भ0 जरीडीह,rural,Giridih Block,,,,Parsatand,112917,,86.27611,24.2208,sequence:between two stations of this panchayat,0.35,,,"CEO Jharkhand polling-station register, AC 32 Giridih (ceojh.jharkhand.gov.in/PSdetails), 367 stations"
32,129,U.P.S. Mosafdih,उ० प्रा० वि० मोसफडीह,rural,Giridih Block,Mosafdih,352218,352218,Parsatand,112917,,86.35078,24.13389,lgd-village:mosafdih,0.6,1.0,,"CEO Jharkhand polling-station register, AC 32 Giridih (ceojh.jharkhand.gov.in/PSdetails), 367 stations"
32,130,Samudayak Bhawan Mosafdih,सा0भवन मोसफडीह,rural,Giridih Block,Mosafdih,352218,352218,Parsatand,112917,,86.34984,24.13475,lgd-village:mosafdih,0.6,1.0,,"CEO Jharkhand polling-station register, AC 32 Giridih (ceojh.jharkhand.gov.in/PSdetails), 367 stations"
32,131,U .Urdu M.S Sikdardih,उ0उर्दू म0वि0 सिकदारडीह,rural,Giridih Block,Sikdardih,352044,352044,Sikdardih,112923,,86.25655,24.21681,lgd-village-context:sikdardih,0.5,1.0,namesake nearest its neighbours,"CEO Jharkhand polling-station register, AC 32 Giridih (ceojh.jharkhand.gov.in/PSdetails), 367 stations"
32,132,P.S Tiwaridih,प्रा0वि0 तिवारीडीह,rural,Giridih Block,Tewaridih,352045,352045,Sikdardih,112923,,86.2582,24.21232,lgd-village:tiwaridih,0.6,1.0,,"CEO Jharkhand polling-station register, AC 32 Giridih (ceojh.jharkhand.gov.in/PSdetails), 367 stations"
32,133,Samudayak Bhawan Maniklalo,सा0भवन मनिकलालो,rural,Giridih Block,Maniklalo,352048,352048,Sikdardih,112923,,86.25806,24.21319,lgd-village:maniklalo,0.6,1.0,,"CEO Jharkhand polling-station register, AC 32 Giridih (ceojh.jharkhand.gov.in/PSdetails), 367 stations"
32,134,Ums Handhadih,उ0म0वि0 हण्डाडीह,rural,Giridih Block,Handhadih,352046,352046,Sikdardih,112923,,86.25671,24.2078,lgd-village:handhadih,0.6,1.0,,"CEO Jharkhand polling-station register, AC 32 Giridih (ceojh.jharkhand.gov.in/PSdetails), 367 stations"
32,135,P.S Kalyandih,प्रा0वि0 कल्याणडीह,rural,Giridih Block,Kalyandih,352066,352066,Sikdardih,112923,,86.25501,24.20077,lgd-village-context:kalyandih,0.5,1.0,exact name,"CEO Jharkhand polling-station register, AC 32 Giridih (ceojh.jharkhand.gov.in/PSdetails), 367 stations"
32,136,Samudayak Bhawan Pipratand,सा0भ0 पीपराटांड,rural,Giridih Block,,,,Sikdardih,112923,,86.25712,24.21405,sequence:nearest matched station (PS 135),0.2,,,"CEO Jharkhand polling-station register, AC 32 Giridih (ceojh.jharkhand.gov.in/PSdetails), 367 stations"
32,137,P.S Bharkatta,प्रा0वि0 भरकट्टा,rural,Giridih Block,Bharkata,352204,352204,Phulchi,112901,,86.33937,24.06576,lgd-village:bharkatta,0.6,1.0,,"CEO Jharkhand polling-station register, AC 32 Giridih (ceojh.jharkhand.gov.in/PSdetails), 367 stations"
32,138,M.S Fulchi Bharkatta,म0वि0 फुलची भरकट्टा,rural,Giridih Block,Fulchi,352207,352207,Phulchi,112901,,86.35668,24.08548,lgd-village:fulchi,0.6,1.0,,"CEO Jharkhand polling-station register, AC 32 Giridih (ceojh.jharkhand.gov.in/PSdetails), 367 stations"
32,139,Ums Hajaribad,उ0म0वि0 हजारीबाद,rural,Giridih Block,,,,Phulchi,112901,,86.35399,24.07506,sequence:nearest matched station (PS 138),0.2,,,"CEO Jharkhand polling-station register, AC 32 Giridih (ceojh.jharkhand.gov.in/PSdetails), 367 stations"
32,140,Ums Chunglo,उ0म0वि0 चुंगलो,rural,Giridih Block,Chunglo,352200,352200,Jaspur,112904,,86.30648,24.07551,lgd-village:chunglo,0.6,1.0,,"CEO Jharkhand polling-station register, AC 32 Giridih (ceojh.jharkhand.gov.in/PSdetails), 367 stations"
32,141,P.S Karmatand,प्रा0वि0 करमाटांड़,rural,Giridih Block,,,,Jaspur,112904,,86.30996,24.08443,sequence:between two stations of this panchayat,0.35,,,"CEO Jharkhand polling-station register, AC 32 Giridih (ceojh.jharkhand.gov.in/PSdetails), 367 stations"
32,142,Ums Jaspur,उ0म0वि0 जसपुर,rural,Giridih Block,Jaspur,352199,352199,Jaspur,112904,,86.3169,24.09409,lgd-village:jaspur,0.6,1.0,,"CEO Jharkhand polling-station register, AC 32 Giridih (ceojh.jharkhand.gov.in/PSdetails), 367 stations"
32,143,Ups Balho,उ0प्रा0वि0 बल्हो,rural,Giridih Block,Balho,916838,352197,Jaspur,112904,,86.30902,24.08529,lgd-village:balho,0.6,1.0,,"CEO Jharkhand polling-station register, AC 32 Giridih (ceojh.jharkhand.gov.in/PSdetails), 367 stations"
32,144,Ums Hethlapith,उ0म0वि0 हेठलापीठ,rural,Giridih Block,,,,Jaspur,112904,,86.3101,24.08287,sequence:nearest matched station (PS 143),0.2,,,"CEO Jharkhand polling-station register, AC 32 Giridih (ceojh.jharkhand.gov.in/PSdetails), 367 stations"
32,145,Ums Budhaiyakhad Murgaiyatongri Purana Bhawan,उ0म0वि0बुढ़ियाखाद मुर्गियाटोंगरी पुराना भवन,rural,Giridih Block,,,,Jaspur,112904,,86.31106,24.08586,sequence:nearest matched station (PS 143),0.2,,,"CEO Jharkhand polling-station register, AC 32 Giridih (ceojh.jharkhand.gov.in/PSdetails), 367 stations"
32,146,Urdu U.M.S Budhiyakhad North Part,उर्दू उ0म0वि0 बुढियाखाद उ0 भाग,rural,Giridih Block,,,,Jaspur,112904,,86.30798,24.08408,sequence:nearest matched station (PS 143),0.2,,,"CEO Jharkhand polling-station register, AC 32 Giridih (ceojh.jharkhand.gov.in/PSdetails), 367 stations"
32,147,Urdu U.M.S Budhiyakhad South Part,उर्दू उ०म०वि० बुढियाखाद द० भाग,rural,Giridih Block,,,,Jaspur,112904,,86.31182,24.08324,sequence:nearest matched station (PS 143),0.2,,,"CEO Jharkhand polling-station register, AC 32 Giridih (ceojh.jharkhand.gov.in/PSdetails), 367 stations"
32,148,P.S Bhalgadha North Part,प्रा0वि0 भलगढ़ा उ0 भाग,rural,Giridih Block,,,,Jaspur,112904,,86.30934,24.08673,sequence:nearest matched station (PS 143),0.2,,,"CEO Jharkhand polling-station register, AC 32 Giridih (ceojh.jharkhand.gov.in/PSdetails), 367 stations"
32,149,P.S Bhalgadha South Part,प्रा0वि0 भलगढा द0भाग,rural,Giridih Block,,,,Jaspur,112904,,86.30879,24.08217,sequence:nearest matched station (PS 143),0.2,,,"CEO Jharkhand polling-station register, AC 32 Giridih (ceojh.jharkhand.gov.in/PSdetails), 367 stations"
32,150,U.P.S. Dandidih,उ० प्रा० वि० डांडीडीह,urban,Giridih Municipal Corporation,Dandiadih,352062,352062,,,4,86.27752,24.20377,lgd-village:dandidih,0.6,1.0,,"CEO Jharkhand polling-station register, AC 32 Giridih (ceojh.jharkhand.gov.in/PSdetails), 367 stations"
32,151,Ambedkar Bhawan Ranidih,अम्बेडकर भवन रानीडीह,urban,Giridih Municipal Corporation,,,,,,3,86.26882,24.20626,sequence:ward walk from the last placed station,0.15,,,"CEO Jharkhand polling-station register, AC 32 Giridih (ceojh.jharkhand.gov.in/PSdetails), 367 stations"
32,152,Ambedkar Bhawan Bhorandiha,अम्बेडकर भवन भोरण्डीहा,urban,Giridih Municipal Corporation,Bhorandiha,352224,352224,,,36,86.33356,24.17008,lgd-village:bhorandiha,0.6,1.0,,"CEO Jharkhand polling-station register, AC 32 Giridih (ceojh.jharkhand.gov.in/PSdetails), 367 stations"
32,153,U.P.S. Ranidih,उ० प्रा० वि० रानीडीह,urban,Giridih Municipal Corporation,,,,,,36,86.33356,24.17008,sequence:ward walk from the last placed station,0.15,,,"CEO Jharkhand polling-station register, AC 32 Giridih (ceojh.jharkhand.gov.in/PSdetails), 367 stations"
32,154,Ums Chatatand Budhiyadih North Part,उ0म0वि0 छाताटांड़ बुढियाडीह उ0 भाग,rural,Giridih Block,Chatro,352215,352215,Gadi Srirampur,112902,,86.36123,24.12562,lgd-village:chatatanra,0.6,0.95,,"CEO Jharkhand polling-station register, AC 32 Giridih (ceojh.jharkhand.gov.in/PSdetails), 367 stations"
32,155,Ums Chatatand Budhiyadih South Part,उ0म0वि0 छाताटांड़ बुढियाडीह द0 भाग,rural,Giridih Block,Chatro,352215,352215,Gadi Srirampur,112902,,86.36029,24.12648,lgd-village:chatatanra,0.6,0.95,,"CEO Jharkhand polling-station register, AC 32 Giridih (ceojh.jharkhand.gov.in/PSdetails), 367 stations"
32,156,Ums Harsinghrai Dih East Part,उ0म0वि0 हरसिंगरायडीह पूर्वी भाग,urban,Giridih Municipal Corporation,Harsingh Raidih,352230,352230,,,36,86.33449,24.16705,lgd-village:harsinghraidih,0.6,1.0,,"CEO Jharkhand polling-station register, AC 32 Giridih (ceojh.jharkhand.gov.in/PSdetails), 367 stations"
32,157,P.S Harsinghrai Dih North Part,प्रा0वि0 हरसिंगरायडीह उ0 भाग,urban,Giridih Municipal Corporation,Harsingh Raidih,352230,352230,,,36,86.33463,24.1655,lgd-village:harsinghraidih,0.6,1.0,,"CEO Jharkhand polling-station register, AC 32 Giridih (ceojh.jharkhand.gov.in/PSdetails), 367 stations"
32,158,U.M.S Udnabad East Part,उ0म0वि0 उदनाबाद पूर्वी भाग,rural,Giridih Block,Udnabad,352221,352221,Udanabad,112927,,86.35632,24.15218,lgd-village:udnabad,0.6,1.0,,"CEO Jharkhand polling-station register, AC 32 Giridih (ceojh.jharkhand.gov.in/PSdetails), 367 stations"
32,159,U.M.S Udnabad West Part,उ0म0वि0 उदनाबाद प0भाग,rural,Giridih Block,Udnabad,352221,352221,Udanabad,112927,,86.35538,24.15304,lgd-village:udnabad,0.6,1.0,,"CEO Jharkhand polling-station register, AC 32 Giridih (ceojh.jharkhand.gov.in/PSdetails), 367 stations"
32,160,Ums Rautgadi,उ0म0वि0 राउतगादी,rural,Giridih Block,Rautgadi,352232,352232,Udanabad,112927,,86.35763,24.16863,lgd-village:rautgadi,0.6,1.0,,"CEO Jharkhand polling-station register, AC 32 Giridih (ceojh.jharkhand.gov.in/PSdetails), 367 stations"
32,161,Samudayak Bhawan Jambad,सामुदायक भवन जम्बाद,rural,Giridih Block,Jambad,352231,352231,Udanabad,112927,,86.35013,24.16068,lgd-village:jambad,0.6,1.0,,"CEO Jharkhand polling-station register, AC 32 Giridih (ceojh.jharkhand.gov.in/PSdetails), 367 stations"
32,162,Ums Ajidih,उ0म0वि0 अजीडीह,rural,Giridih Block,Ajidih,352222,352222,Udanabad,112927,,86.36188,24.15429,lgd-village:ajidih,0.6,1.0,,"CEO Jharkhand polling-station register, AC 32 Giridih (ceojh.jharkhand.gov.in/PSdetails), 367 stations"
32,163,Ums Koymara North Part,उ0म0वि0 कोयमारा उ0 भाग,rural,Giridih Block,Koemara,352234,352234,Udanabad,112927,,86.36868,24.15715,lgd-village:koymara,0.6,1.0,,"CEO Jharkhand polling-station register, AC 32 Giridih (ceojh.jharkhand.gov.in/PSdetails), 367 stations"
32,164,Ums Koymara South Part,उ0म0वि0 कोयमारा द0भाग,rural,Giridih Block,Koemara,352234,352234,Udanabad,112927,,86.36774,24.15801,lgd-village:koymara,0.6,1.0,,"CEO Jharkhand polling-station register, AC 32 Giridih (ceojh.jharkhand.gov.in/PSdetails), 367 stations"
32,165,M School Mohanpur East Part,म0वि0मोहनपुर पूर्वी भाग,rural,Giridih Block,Mohanpur,352220,352220,Mohanpur,112912,,86.35399,24.13871,lgd-village-context:mohanpur,0.5,1.0,namesake nearest its neighbours,"CEO Jharkhand polling-station register, AC 32 Giridih (ceojh.jharkhand.gov.in/PSdetails), 367 stations"
32,166,Ums Mohanpur West Part,उ0म0वि0 मोहनपुर प0भाग,rural,Giridih Block,Mohanpur,352220,352220,Mohanpur,112912,,86.35305,24.13957,lgd-village-context:mohanpur,0.5,1.0,namesake nearest its neighbours,"CEO Jharkhand polling-station register, AC 32 Giridih (ceojh.jharkhand.gov.in/PSdetails), 367 stations"
32,167,Ups Mohanpur,उ0प्र0वि0 मोहनपुर,rural,Giridih Block,Mohanpur,352220,352220,Mohanpur,112912,,86.35413,24.13716,lgd-village-context:mohanpur,0.5,1.0,namesake nearest its neighbours,"CEO Jharkhand polling-station register, AC 32 Giridih (ceojh.jharkhand.gov.in/PSdetails), 367 stations"
32,168,Ums Turukdiha,उ0म0वि0 टुरुकडीहा,rural,Giridih Block,Turukdiha,352226,352226,Mohanpur,112912,,86.34429,24.13556,lgd-village:turukdiha,0.6,1.0,,"CEO Jharkhand polling-station register, AC 32 Giridih (ceojh.jharkhand.gov.in/PSdetails), 367 stations"
32,169,Ums Jhalakdiha,उ0म0वि0झलगडीहा,rural,Giridih Block,Jhalakdiha,352236,352236,Mohanpur,112912,,86.36866,24.13334,lgd-village:jhalakdiha,0.6,1.0,,"CEO Jharkhand polling-station register, AC 32 Giridih (ceojh.jharkhand.gov.in/PSdetails), 367 stations"
32,170,M.S Purnanagar North Part,म0वि0 पुरनानगर उ० भाग,rural,Giridih Block,Purnanagar,352191,352191,Purnanagar,112920,,86.31119,24.12118,lgd-village:purnanagar,0.6,1.0,,"CEO Jharkhand polling-station register, AC 32 Giridih (ceojh.jharkhand.gov.in/PSdetails), 367 stations"
32,171,M.S Purnanagareast Part,म0वि0 पुरनानगर पू0भाग,rural,Giridih Block,Purnanagar,352191,352191,Purnanagar,112920,,86.31025,24.12204,lgd-village:purananagara,0.6,1.0,,"CEO Jharkhand polling-station register, AC 32 Giridih (ceojh.jharkhand.gov.in/PSdetails), 367 stations"
32,172,Ups Bagjobra,उ0प्रा०वि0 बगज़ोबरा,rural,Giridih Block,,,,Purnanagar,112920,,86.3114,24.12214,sequence:between two stations of this panchayat,0.35,,,"CEO Jharkhand polling-station register, AC 32 Giridih (ceojh.jharkhand.gov.in/PSdetails), 367 stations"
32,173,Ums Basabunda,उ0म0वि0 बासाबुन्दा,rural,Giridih Block,,,,Purnanagar,112920,,86.31046,24.123,sequence:between two stations of this panchayat,0.35,,,"CEO Jharkhand polling-station register, AC 32 Giridih (ceojh.jharkhand.gov.in/PSdetails), 367 stations"
32,174,Ums Tikodih,उ0म0वि0 टिकोडीह,rural,Giridih Block,Tikodih,352228,352228,Purnanagar,112920,,86.324,24.13745,lgd-village:tikodih,0.6,1.0,,"CEO Jharkhand polling-station register, AC 32 Giridih (ceojh.jharkhand.gov.in/PSdetails), 367 stations"
32,175,U.M.S Gapai East Part,उ0म0वि0 गपई पूर्वी भाग,rural,Giridih Block,Gopai,352162,352162,Barahmoriya,112894,,86.25313,24.162,lgd-village:gapai,0.6,1.0,,"CEO Jharkhand polling-station register, AC 32 Giridih (ceojh.jharkhand.gov.in/PSdetails), 367 stations"
32,176,U.M.S Gapai West Part,उ0म0वि0 गपई प0भाग,rural,Giridih Block,Gopai,352162,352162,Barahmoriya,112894,,86.25219,24.16286,lgd-village:gapai,0.6,1.0,,"CEO Jharkhand polling-station register, AC 32 Giridih (ceojh.jharkhand.gov.in/PSdetails), 367 stations"
32,177,Ums Chamrkho,उ0म0वि0 चमरखो,rural,Giridih Block,Chamarkho,352159,352159,Barahmoriya,112894,,86.25566,24.14225,lgd-village:chamarakho,0.6,1.0,,"CEO Jharkhand polling-station register, AC 32 Giridih (ceojh.jharkhand.gov.in/PSdetails), 367 stations"
32,178,Ums Hiranpur,उ0म0वि0 हिरणपुर,rural,Giridih Block,,,,Barahmoriya,112894,,86.25488,24.13806,sequence:between two stations of this panchayat,0.35,,,"CEO Jharkhand polling-station register, AC 32 Giridih (ceojh.jharkhand.gov.in/PSdetails), 367 stations"
32,179,U.M.S Brahmoriya North Part,उ0म0वि0 बरहमोरिया उ० भाग,rural,Giridih Block,Barhamuria,352178,352178,Barahmoriya,112894,,86.26012,24.12383,lgd-village-context:brahmoriya,0.5,1.0,"near spelling, panchayat of its neighbours","CEO Jharkhand polling-station register, AC 32 Giridih (ceojh.jharkhand.gov.in/PSdetails), 367 stations"
32,180,U.M.S Brahmoriya South Part,उ0म0वि0 बरहमोरिया द0भाग,rural,Giridih Block,Barhamuria,352178,352178,Barahmoriya,112894,,86.25919,24.12469,lgd-village-context:brahmoriya,0.5,1.0,"near spelling, panchayat of its neighbours","CEO Jharkhand polling-station register, AC 32 Giridih (ceojh.jharkhand.gov.in/PSdetails), 367 stations"
32,181,Ums Akdoni Khurd,उ0म0वि0 अकदोनी खुर्द,rural,Giridih Block,Akdoni Khurd (Ct),352241,352241,Akdoni Khurd,112890,,86.28356,24.16058,lgd-village:akdoni khurd,0.6,0.96,,"CEO Jharkhand polling-station register, AC 32 Giridih (ceojh.jharkhand.gov.in/PSdetails), 367 stations"
32,182,Samudayak Bhawan Kogadi Sc Tola,सा0भ0 कोगडी अनु0 जाति टोला,rural,Giridih Block,,,,Akdoni Khurd,112890,,86.28262,24.16144,sequence:nearest matched station (PS 181),0.2,,,"CEO Jharkhand polling-station register, AC 32 Giridih (ceojh.jharkhand.gov.in/PSdetails), 367 stations"
32,183,M.S Baniyadih East Part New Building,म0वि0 बनियाडीह पूर्वी भाग नया भवन,rural,Giridih Block,Baniadih,352219,352219,Mohanpur,112912,,86.35395,24.12971,lgd-village:baniyadih,0.6,1.0,,"CEO Jharkhand polling-station register, AC 32 Giridih (ceojh.jharkhand.gov.in/PSdetails), 367 stations"
32,184,M.S Baniyadih West Part Old Building,म0वि0 बनियाडीह प0भाग पुराना भवन,rural,Giridih Block,Baniadih,352219,352219,Mohanpur,112912,,86.35301,24.13057,lgd-village:baniyadih,0.6,1.0,,"CEO Jharkhand polling-station register, AC 32 Giridih (ceojh.jharkhand.gov.in/PSdetails), 367 stations"
32,185,Ups Kopa,उ0प्रा0वि0 कोपा,rural,Giridih Block,,,,Mohanpur,112912,,86.33917,24.13912,sequence:nearest matched station (PS 184),0.2,,,"CEO Jharkhand polling-station register, AC 32 Giridih (ceojh.jharkhand.gov.in/PSdetails), 367 stations"
32,186,Samudayak Bhawan Gandhi Nagar,सा0भ0 गाधीनगर,rural,Giridih Block,,,,Mohanpur,112912,,86.33823,24.13998,sequence:nearest matched station (PS 184),0.2,,,"CEO Jharkhand polling-station register, AC 32 Giridih (ceojh.jharkhand.gov.in/PSdetails), 367 stations"
32,187,U.P.S Joktiyabad,उ0प्रा0वि0 जोकटियाबाद,rural,Giridih Block,,,,Mohanpur,112912,,86.34027,24.14055,sequence:nearest matched station (PS 184),0.2,,,"CEO Jharkhand polling-station register, AC 32 Giridih (ceojh.jharkhand.gov.in/PSdetails), 367 stations"
32,188,Ums 16No Chunjka,उ0म0वि0 16नं0 चुंजका,rural,Giridih Block,Chunjka,352190,352190,Chunjaka,112899,,86.31307,24.14343,lgd-village:chunjka,0.6,1.0,,"CEO Jharkhand polling-station register, AC 32 Giridih (ceojh.jharkhand.gov.in/PSdetails), 367 stations"
32,189,U.M.S.25No Chunjka Sc Tola,उ0 म0 वि0 25 नं0 चुंजका अनु0 जाति टोला,rural,Giridih Block,Chunjka,352190,352190,Chunjaka,112899,,86.31214,24.14429,lgd-village:chunjka,0.6,1.0,,"CEO Jharkhand polling-station register, AC 32 Giridih (ceojh.jharkhand.gov.in/PSdetails), 367 stations"
32,190,Ums Chilga,उ0म0वि0 चिलगा,rural,Giridih Block,Chilga,352183,352183,Chunjaka,112899,,86.30083,24.14537,lgd-village:chilga,0.6,1.0,,"CEO Jharkhand polling-station register, AC 32 Giridih (ceojh.jharkhand.gov.in/PSdetails), 367 stations"
32,191,U.M.S Lodi Sarhaccha,उ0म0वि0 लोदी सरहच्चा,rural,Giridih Block,Lodi Alias Sarhancha,352179,352179,Chunjaka,112899,,86.27649,24.14014,lgd-village-context:lodi sarhaccha,0.5,0.94,"near spelling, panchayat of its neighbours","CEO Jharkhand polling-station register, AC 32 Giridih (ceojh.jharkhand.gov.in/PSdetails), 367 stations"
32,192,Panchayat Bhawan Buxidih,पंचायत भवन बक्सीडीह,urban,Giridih Municipal Corporation,Bakshidih,352154,352154,,,20,86.27589,24.18702,lgd-village:baksidiha,0.6,1.0,,"CEO Jharkhand polling-station register, AC 32 Giridih (ceojh.jharkhand.gov.in/PSdetails), 367 stations"
32,193,Ums Buxidih,उ0म0वि0 बक्सीडीह,urban,Giridih Municipal Corporation,Bakshidih,352154,352154,,,20,86.27495,24.18788,lgd-village:baksidiha,0.6,1.0,,"CEO Jharkhand polling-station register, AC 32 Giridih (ceojh.jharkhand.gov.in/PSdetails), 367 stations"
32,194,Ums Mathadih Hindi,उ0म0वि0 माथाडीह हिन्दी,urban,Giridih Municipal Corporation,,,,,,22,86.28185,24.18443,sequence:between PS 193 and PS 196,0.25,,,"CEO Jharkhand polling-station register, AC 32 Giridih (ceojh.jharkhand.gov.in/PSdetails), 367 stations"
32,195,Ums Jorbad,उ0म0वि0 जोरबाद,urban,Giridih Municipal Corporation,,,,,,22,86.28781,24.18185,sequence:between PS 194 and PS 196,0.25,,,"CEO Jharkhand polling-station register, AC 32 Giridih (ceojh.jharkhand.gov.in/PSdetails), 367 stations"
32,196,Ums Yogitand North Part,उ0म0वि0 योगीटांड़ उ० भाग,urban,Giridih Municipal Corporation,Jogitanr,352184,352184,,,22,86.29376,24.17927,lgd-village-context:yogitanra,0.5,0.93,"near spelling, panchayat of its neighbours","CEO Jharkhand polling-station register, AC 32 Giridih (ceojh.jharkhand.gov.in/PSdetails), 367 stations"
32,197,Ums Yogitand South Part,उ0म0वि0 योगीटांड़ द0भाग,urban,Giridih Municipal Corporation,Jogitanr,352184,352184,,,22,86.29283,24.18013,lgd-village-context:yogitanra,0.5,0.93,"near spelling, panchayat of its neighbours","CEO Jharkhand polling-station register, AC 32 Giridih (ceojh.jharkhand.gov.in/PSdetails), 367 stations"
32,198,Ups 7No Yogitand,उ0प्रा0वि0 7 नं0 योगीटांड़,urban,Giridih Municipal Corporation,,,,,,22,86.29667,24.17847,sequence:between PS 197 and PS 206,0.25,,,"CEO Jharkhand polling-station register, AC 32 Giridih (ceojh.jharkhand.gov.in/PSdetails), 367 stations"
32,199,Samudayak Bhawan Jhagri,सा0भ0 झगरी,urban,Giridih Municipal Corporation,,,,,,24,86.29958,24.17767,sequence:between PS 198 and PS 206,0.25,,,"CEO Jharkhand polling-station register, AC 32 Giridih (ceojh.jharkhand.gov.in/PSdetails), 367 stations"
32,200,M.S Matrukha East Part,म०वि० मटरुखा पूर्वी भाग,rural,Giridih Block,Muturkha,352192,352192,Matrukha,112911,,86.27969,24.10714,lgd-village:matrukha,0.6,1.0,,"CEO Jharkhand polling-station register, AC 32 Giridih (ceojh.jharkhand.gov.in/PSdetails), 367 stations"
32,201,M.S.Matrukha West Part,म0वि0 मटरूखा प0भाग,rural,Giridih Block,Muturkha,352192,352192,Matrukha,112911,,86.27875,24.108,lgd-village:matrukha,0.6,1.0,,"CEO Jharkhand polling-station register, AC 32 Giridih (ceojh.jharkhand.gov.in/PSdetails), 367 stations"
32,202,Samudayak Bhawan Khutadhab,सामु० भवन खुटाढाब,rural,Giridih Block,,,,Matrukha,112911,,86.27982,24.10558,sequence:nearest matched station (PS 201),0.2,,,"CEO Jharkhand polling-station register, AC 32 Giridih (ceojh.jharkhand.gov.in/PSdetails), 367 stations"
32,203,Community Building Bagulwatand,सा0 भवन बगुलवाटांड,rural,Giridih Block,,,,Matrukha,112911,,86.28078,24.10856,sequence:nearest matched station (PS 201),0.2,,,"CEO Jharkhand polling-station register, AC 32 Giridih (ceojh.jharkhand.gov.in/PSdetails), 367 stations"
32,204,U M.S.Mahtodih,उ म० वि० महतोडीह,rural,Giridih Block,Mahtodih,352225,352225,Mohanpur,112912,,86.34514,24.14392,lgd-village:mahtodih,0.6,1.0,,"CEO Jharkhand polling-station register, AC 32 Giridih (ceojh.jharkhand.gov.in/PSdetails), 367 stations"
32,205,U.P.S Lukaiya,उ0प्रा0वि0 लुकैया,rural,Giridih Block,,,,Mohanpur,112912,,86.34027,24.14055,sequence:nearest matched station (PS 204),0.2,,,"CEO Jharkhand polling-station register, AC 32 Giridih (ceojh.jharkhand.gov.in/PSdetails), 367 stations"
32,206,U.M.S Jhariyagadi East Part,उ0म0वि0 जरियागादी पूर्वी भाग,urban,Giridih Municipal Corporation,Jariagadi,352186,352186,,,31,86.31993,24.17206,lgd-village:jariyagadi,0.6,1.0,,"CEO Jharkhand polling-station register, AC 32 Giridih (ceojh.jharkhand.gov.in/PSdetails), 367 stations"
32,207,U.M.S Jhariyagadi West Part,उ0म0वि0 जरियागादी प0भाग,urban,Giridih Municipal Corporation,Jariagadi,352186,352186,,,31,86.31899,24.17292,lgd-village:jariyagadi,0.6,1.0,,"CEO Jharkhand polling-station register, AC 32 Giridih (ceojh.jharkhand.gov.in/PSdetails), 367 stations"
32,208,M.S Mangrodih,म0वि0 मंगरोडीह,rural,Giridih Block,Mangrodih,352188,352188,Mangarodih,112910,,86.33719,24.13877,lgd-village:mangrodih,0.6,1.0,,"CEO Jharkhand polling-station register, AC 32 Giridih (ceojh.jharkhand.gov.in/PSdetails), 367 stations"
32,209,Panchayat Bhawan Mangrodih,पंचायत भवन मंगरोडीह,rural,Giridih Block,Mangrodih,352188,352188,Mangarodih,112910,,86.33855,24.14142,lgd-village:mangrodih,0.6,1.0,,"CEO Jharkhand polling-station register, AC 32 Giridih (ceojh.jharkhand.gov.in/PSdetails), 367 stations"
32,210,Ups Pathakhir,उ0प्रा0वि0 पाठकहीर,rural,Giridih Block,,,,Mangarodih,112910,,86.33855,24.14142,sequence:near PS 209,0.2,,,"CEO Jharkhand polling-station register, AC 32 Giridih (ceojh.jharkhand.gov.in/PSdetails), 367 stations"
32,211,Office Of Electrical Building Mangrodih,विद्युत भवन कार्यालय मंगरोडीह,rural,Giridih Block,Mangrodih,352188,352188,Mangarodih,112910,,86.34171,24.14005,lgd-village:mangrodih,0.6,1.0,,"CEO Jharkhand polling-station register, AC 32 Giridih (ceojh.jharkhand.gov.in/PSdetails), 367 stations"
32,212,Ambedkar Bhawan Bhandaridih,अम्बेडकर भवन भण्डारीडीह,urban,Giridih Municipal Corporation,Bhandaridih,352055,352055,,,28,86.3172,24.18196,sequence:ward walk from the last placed station,0.15,1.0,,"CEO Jharkhand polling-station register, AC 32 Giridih (ceojh.jharkhand.gov.in/PSdetails), 367 stations"
32,213,U.P.S Azadnagar S.C Tola,उ0प्रा0वि0 आजादनगर अनु0जाति टोला,urban,Giridih Municipal Corporation,,,,,,16,86.31483,24.18558,sequence:ward walk from the last placed station,0.15,,,"CEO Jharkhand polling-station register, AC 32 Giridih (ceojh.jharkhand.gov.in/PSdetails), 367 stations"
32,214,P.S.Mohanpur Awasthit Bankhanjo Hindi East Part,प्रा0वि0 मोहनपुर अवस्थित बनखंजो हिन्दी पूर्वी भाग,urban,Giridih Municipal Corporation,,,,,,16,86.31389,24.18644,sequence:ward walk from the last placed station,0.15,,"name matches a village of Giridih block, but it is in the Giridih run","CEO Jharkhand polling-station register, AC 32 Giridih (ceojh.jharkhand.gov.in/PSdetails), 367 stations"
32,215,U.M.S.Mohanpur Awasthit Bankhanjo Hindi West Part,उ०म०वि0 मोहनपुर अवस्थित बनखंजो हिन्दी प० भाग,urban,Giridih Municipal Corporation,,,,,,16,86.31497,24.18403,sequence:ward walk from the last placed station,0.15,,"name matches a village of Giridih block, but it is in the Giridih run","CEO Jharkhand polling-station register, AC 32 Giridih (ceojh.jharkhand.gov.in/PSdetails), 367 stations"
32,216,U.M.S.Mohanpur Awasthit Bankhanjo Hindi North Part,उ०म०वि0 मोहनपुर अवस्थित बनखंजो हिन्दी उ० भाग,urban,Giridih Municipal Corporation,,,,,,27,86.31058,24.18298,sequence:ward walk from the last placed station,0.15,,"name matches a village of Giridih block, but it is in the Giridih run","CEO Jharkhand polling-station register, AC 32 Giridih (ceojh.jharkhand.gov.in/PSdetails), 367 stations"
32,217,Anganbadi Kendra Jagpatari North Part,आगनबाडी केन्द्र जगपतारी उ० भाग,urban,Giridih Municipal Corporation,,,,,,27,86.30964,24.18384,sequence:ward walk from the last placed station,0.15,,,"CEO Jharkhand polling-station register, AC 32 Giridih (ceojh.jharkhand.gov.in/PSdetails), 367 stations"
32,218,Anganbadi Kendra Jagpatari South Part,आगनबाडी केन्द्र जगपतारी द0भाग,urban,Giridih Municipal Corporation,,,,,,27,86.31072,24.18143,sequence:ward walk from the last placed station,0.15,,,"CEO Jharkhand polling-station register, AC 32 Giridih (ceojh.jharkhand.gov.in/PSdetails), 367 stations"
32,219,M.S Chaitadih East Part,म0वि0 चैताडीह पु0भाग,urban,Giridih Municipal Corporation,Chaitadih,352058,352058,,,26,86.30609,24.18242,sequence:ward walk from the last placed station,0.15,1.0,,"CEO Jharkhand polling-station register, AC 32 Giridih (ceojh.jharkhand.gov.in/PSdetails), 367 stations"
32,220,M.S Chaitadih North Part,म0वि0 चैताडीह उ0भाग,urban,Giridih Municipal Corporation,Chaitadih,352058,352058,,,26,86.30515,24.18328,sequence:ward walk from the last placed station,0.15,1.0,,"CEO Jharkhand polling-station register, AC 32 Giridih (ceojh.jharkhand.gov.in/PSdetails), 367 stations"
32,221,M.S Chaitadih West Part,म0वि0 चैताडीह प0 भाग,urban,Giridih Municipal Corporation,Chaitadih,352058,352058,,,26,86.30623,24.18087,sequence:ward walk from the last placed station,0.15,1.0,,"CEO Jharkhand polling-station register, AC 32 Giridih (ceojh.jharkhand.gov.in/PSdetails), 367 stations"
32,222,M.S Chaitadih South Part,म0वि0 चैताडीह द0भाग,urban,Giridih Municipal Corporation,Chaitadih,352058,352058,,,26,86.30719,24.18385,sequence:ward walk from the last placed station,0.15,1.0,,"CEO Jharkhand polling-station register, AC 32 Giridih (ceojh.jharkhand.gov.in/PSdetails), 367 stations"
32,223,Ups Chaitadih East Part,उ0प्रा0वि0 चैताडीह पू0भाग,urban,Giridih Municipal Corporation,Chaitadih,352058,352058,,,26,86.30411,24.18207,sequence:ward walk from the last placed station,0.15,1.0,,"CEO Jharkhand polling-station register, AC 32 Giridih (ceojh.jharkhand.gov.in/PSdetails), 367 stations"
32,224,Ups Chaitadih West Part,उ0प्रा0वि0 चैताडीह प0भाग,urban,Giridih Municipal Corporation,Chaitadih,352058,352058,,,17,86.30532,24.18873,sequence:ward walk from the last placed station,0.15,1.0,,"CEO Jharkhand polling-station register, AC 32 Giridih (ceojh.jharkhand.gov.in/PSdetails), 367 stations"
32,225,M.S Baddiha East Part,म0वि0 बदडीहा पू0भाग,rural,Giridih Block,Baddiha,352158,352158,Akdoni Kala,112889,,86.26522,24.15412,lgd-village:baddiha,0.6,1.0,,"CEO Jharkhand polling-station register, AC 32 Giridih (ceojh.jharkhand.gov.in/PSdetails), 367 stations"
32,226,M.S Baddiha West Part,म0वि0 बदडीहा प0भाग,rural,Giridih Block,Baddiha,352158,352158,Akdoni Kala,112889,,86.26428,24.15498,lgd-village:baddiha,0.6,1.0,,"CEO Jharkhand polling-station register, AC 32 Giridih (ceojh.jharkhand.gov.in/PSdetails), 367 stations"
32,227,Ums Akdonikala East Part,उ0म0वि0 अकदोनीकला पु0भाग,rural,Giridih Block,Akdoni Kalan,352181,352181,Akdoni Kala,112889,,86.27995,24.15149,lgd-village:akdonikala,0.6,0.97,,"CEO Jharkhand polling-station register, AC 32 Giridih (ceojh.jharkhand.gov.in/PSdetails), 367 stations"
32,228,Ums Akdonikalasouth Part,उ0म0वि0अकदोनीकला द0भाग,rural,Giridih Block,Akdoni Kalan,352181,352181,Akdoni Kala,112889,,86.27901,24.15235,lgd-village:akadonikala,0.6,0.97,,"CEO Jharkhand polling-station register, AC 32 Giridih (ceojh.jharkhand.gov.in/PSdetails), 367 stations"
32,229,Ums Akdonikala West Part,उ0म0वि0 अकदोनी कला प0भाग,rural,Giridih Block,Akdoni Kalan,352181,352181,Akdoni Kala,112889,,86.28009,24.14993,lgd-village:akdonikala,0.6,0.97,,"CEO Jharkhand polling-station register, AC 32 Giridih (ceojh.jharkhand.gov.in/PSdetails), 367 stations"
32,230,U.M.Sfuljori,उ0म0वि0 फुलजोरी,rural,Giridih Block,Phuljori,352016,352016,Mangarodih,112910,,86.34773,24.19627,lgd-village:phulajori,0.6,1.0,,"CEO Jharkhand polling-station register, AC 32 Giridih (ceojh.jharkhand.gov.in/PSdetails), 367 stations"
32,231,Ums Bergi,उ0म0वि0 बेरगी,rural,Giridih Block,Bergi,352017,352017,Mangarodih,112910,,86.33535,24.20226,lgd-village:bergi,0.6,1.0,,"CEO Jharkhand polling-station register, AC 32 Giridih (ceojh.jharkhand.gov.in/PSdetails), 367 stations"
32,232,U.M.S Pandeydih North Part,उ0म0वि0 पाण्डेयडीह उ0भाग,rural,Giridih Block,Pandedih,352018,352018,Jitpur,112905,,86.33107,24.18552,lgd-village-context:pandeydih,0.5,1.0,namesake nearest its neighbours,"CEO Jharkhand polling-station register, AC 32 Giridih (ceojh.jharkhand.gov.in/PSdetails), 367 stations"
32,233,U.M.S Pandeydihsouth Part,उ0म0वि0 पाण्डेयडीह द0भाग,rural,Giridih Block,Pandedih,352018,352018,Jitpur,112905,,86.33013,24.18638,lgd-village-context:pandeyadiha,0.5,1.0,"near spelling, panchayat of its neighbours","CEO Jharkhand polling-station register, AC 32 Giridih (ceojh.jharkhand.gov.in/PSdetails), 367 stations"
32,234,Ums Garhatand,उ0म0वि0 गरहाटांड़,rural,Giridih Block,Garhatanr,352187,352187,Mangarodih,112910,,86.32607,24.16698,lgd-village:garahatanra,0.6,1.0,,"CEO Jharkhand polling-station register, AC 32 Giridih (ceojh.jharkhand.gov.in/PSdetails), 367 stations"
32,235,U.M.S Sihodih North Part,उ0म0वि0 सिहोडीह उ0भाग,urban,Giridih Municipal Corporation,Sihodih,352019,352019,,,11,86.30583,24.20433,lgd-village:sihodih,0.6,1.0,,"CEO Jharkhand polling-station register, AC 32 Giridih (ceojh.jharkhand.gov.in/PSdetails), 367 stations"
32,236,U.M.S Sihodih Eastpart,उ0म0वि0 सिहोडीह पू0भाग,urban,Giridih Municipal Corporation,Sihodih,352019,352019,,,11,86.3049,24.20519,lgd-village:sihodih,0.6,1.0,,"CEO Jharkhand polling-station register, AC 32 Giridih (ceojh.jharkhand.gov.in/PSdetails), 367 stations"
32,237,U.M.S Sihodih South Part,उ0म0वि0 सिहोडीह द0भाग,urban,Giridih Municipal Corporation,Sihodih,352019,352019,,,11,86.30597,24.20278,lgd-village:sihodih,0.6,1.0,,"CEO Jharkhand polling-station register, AC 32 Giridih (ceojh.jharkhand.gov.in/PSdetails), 367 stations"
32,238,Panchayat Bhawan Sihodih East Part,पंचायत भवन सिहोडीह पू०भाग,urban,Giridih Municipal Corporation,Sihodih,352019,352019,,,11,86.30693,24.20576,lgd-village:sihodih,0.6,1.0,,"CEO Jharkhand polling-station register, AC 32 Giridih (ceojh.jharkhand.gov.in/PSdetails), 367 stations"
32,239,Panchayat Bhawan Sihodih West Part,पंचायत भवन सिहोडीह प० भाग,urban,Giridih Municipal Corporation,Sihodih,352019,352019,,,11,86.30385,24.20398,lgd-village:sihodih,0.6,1.0,,"CEO Jharkhand polling-station register, AC 32 Giridih (ceojh.jharkhand.gov.in/PSdetails), 367 stations"
32,240,U.M.S Sirsiya East Part,उ0म0वि0 सिरसिया पू0भाग,urban,Giridih Municipal Corporation,,,,,,10,86.30789,24.19483,sequence:ward walk from the last placed station,0.15,,,"CEO Jharkhand polling-station register, AC 32 Giridih (ceojh.jharkhand.gov.in/PSdetails), 367 stations"
32,241,U.M.S.Sirsiya Middle Part,उ0म0वि0 सिरसिया म0भाग,urban,Giridih Municipal Corporation,,,,,,10,86.30695,24.19569,sequence:ward walk from the last placed station,0.15,,,"CEO Jharkhand polling-station register, AC 32 Giridih (ceojh.jharkhand.gov.in/PSdetails), 367 stations"
32,242,Panchayat Bhawan Sirsiya West Part,पंचायत भवन सिरसिया प०भाग,urban,Giridih Municipal Corporation,,,,,,10,86.30803,24.19328,sequence:ward walk from the last placed station,0.15,,,"CEO Jharkhand polling-station register, AC 32 Giridih (ceojh.jharkhand.gov.in/PSdetails), 367 stations"
32,243,Panchayat Bhawan Sirsiya Noth Part,पंचायत भवन सिरसिया उ० भाग,urban,Giridih Municipal Corporation,,,,,,10,86.30899,24.19626,sequence:ward walk from the last placed station,0.15,,,"CEO Jharkhand polling-station register, AC 32 Giridih (ceojh.jharkhand.gov.in/PSdetails), 367 stations"
32,244,Ums Shitalpurnorth Part,उ0म0वि0 शीतलपुर उ0भाग,urban,Giridih Municipal Corporation,,,,,,10,86.30591,24.19448,sequence:ward walk from the last placed station,0.15,,,"CEO Jharkhand polling-station register, AC 32 Giridih (ceojh.jharkhand.gov.in/PSdetails), 367 stations"
32,245,Ums Shitalpur South Part,उ0म0वि0 शीतलपुर द0भाग,urban,Giridih Municipal Corporation,,,,,,14,86.31408,24.19237,sequence:ward walk from the last placed station,0.15,,,"CEO Jharkhand polling-station register, AC 32 Giridih (ceojh.jharkhand.gov.in/PSdetails), 367 stations"
32,246,Samudayak Bhawan Jangalpur,सा0भ0 जंगलपुर,urban,Giridih Municipal Corporation,,,,,,14,86.31314,24.19322,sequence:ward walk from the last placed station,0.15,,,"CEO Jharkhand polling-station register, AC 32 Giridih (ceojh.jharkhand.gov.in/PSdetails), 367 stations"
32,247,U.M.S Chatro,उ0म0वि0 चतरो,rural,Giridih Block,Chatro,352215,352215,Gadi Srirampur,112902,,86.36137,24.12407,lgd-village:chatro,0.6,1.0,,"CEO Jharkhand polling-station register, AC 32 Giridih (ceojh.jharkhand.gov.in/PSdetails), 367 stations"
32,248,U.P.S Manjhiladih,उ०प्रा०वि० मंझीलाडीह,rural,Giridih Block,Majhiladih,352216,352216,Gadi Srirampur,112902,,86.35011,24.12579,lgd-village:manjhiladih,0.6,0.96,,"CEO Jharkhand polling-station register, AC 32 Giridih (ceojh.jharkhand.gov.in/PSdetails), 367 stations"
32,249,Samudayak Bhawan Kalhamanjho,सा0भ0 कल्हामांझो,rural,Giridih Block,Kolhamanjo,352210,352210,Gadi Srirampur,112902,,86.33603,24.10309,lgd-village-context:kalhamanjho,0.5,0.97,"near spelling, panchayat of its neighbours","CEO Jharkhand polling-station register, AC 32 Giridih (ceojh.jharkhand.gov.in/PSdetails), 367 stations"
32,250,M.S.Gadisrirampur East Part,म0वि0 गादीश्रीरामपुर पु0भाग,rural,Giridih Block,Gadisirampur,352217,352217,Gadi Srirampur,112902,,86.33643,24.11927,lgd-village:gadisrirampur,0.6,1.0,,"CEO Jharkhand polling-station register, AC 32 Giridih (ceojh.jharkhand.gov.in/PSdetails), 367 stations"
32,251,M.S.Gadisrirampurnorth Part,म0वि0 गादीश्रीरामपुर उ0भाग,rural,Giridih Block,Gadisirampur,352217,352217,Gadi Srirampur,112902,,86.33549,24.12013,lgd-village:gadishriramapura,0.6,1.0,,"CEO Jharkhand polling-station register, AC 32 Giridih (ceojh.jharkhand.gov.in/PSdetails), 367 stations"
32,252,Panchayat Bhawan Gadisrirampur West Part,पंचायत भवन गादीश्रीरामपुर प0भाग,rural,Giridih Block,Gadisirampur,352217,352217,Gadi Srirampur,112902,,86.33656,24.11772,lgd-village:gadisrirampur,0.6,1.0,,"CEO Jharkhand polling-station register, AC 32 Giridih (ceojh.jharkhand.gov.in/PSdetails), 367 stations"
32,253,Panchayat Bhawan Gadisrirampur South Part,पंचायत भवन गादीश्रीरामपुर द0भाग,rural,Giridih Block,Gadisirampur,352217,352217,Gadi Srirampur,112902,,86.33752,24.1207,lgd-village:gadisrirampur,0.6,1.0,,"CEO Jharkhand polling-station register, AC 32 Giridih (ceojh.jharkhand.gov.in/PSdetails), 367 stations"
32,254,Panchayat Bhawan Paratdih,पंचायत भवन परातडीह,rural,Giridih Block,,,,Gadi Srirampur,112902,,86.33599,24.11536,sequence:nearest matched station (PS 253),0.2,,,"CEO Jharkhand polling-station register, AC 32 Giridih (ceojh.jharkhand.gov.in/PSdetails), 367 stations"
32,255,PURV P.S SIMARIYA GHAUDA NORTH PART,पूर्व प्रा0वि0 सिमरिया घौडा उ0भाग,rural,Giridih Block,Semaria,352126,352126,Bajto,112893,,86.1605,24.17345,lgd-village:simariya,0.6,1.0,,"CEO Jharkhand polling-station register, AC 32 Giridih (ceojh.jharkhand.gov.in/PSdetails), 367 stations"
32,256,PURV P.S SIMARIYA GHAUDA SOUTH PART,पूर्व प्रा0वि0 सिमरिया घौडा द0भाग,rural,Giridih Block,Semaria,352126,352126,Bajto,112893,,86.15957,24.17431,lgd-village:simariya,0.6,1.0,,"CEO Jharkhand polling-station register, AC 32 Giridih (ceojh.jharkhand.gov.in/PSdetails), 367 stations"
32,257,M.S Pahadidih,म0वि0 पहाडीडीह,rural,Giridih Block,Pahariadih,352095,352095,Senadoni,112921,,86.17718,24.23964,lgd-village:paharidih,0.6,1.0,,"CEO Jharkhand polling-station register, AC 32 Giridih (ceojh.jharkhand.gov.in/PSdetails), 367 stations"
32,258,Ums Ambatand North Part,उ0म0वि0 अम्बाटांड़ उ0भाग,rural,Giridih Block,,,,Senadoni,112921,,86.20314,24.24306,sequence:nearest matched station (PS 257),0.2,,,"CEO Jharkhand polling-station register, AC 32 Giridih (ceojh.jharkhand.gov.in/PSdetails), 367 stations"
32,259,Ums Ambatand South Part,उ0म0वि0 अम्बाटांड़ द0भाग,rural,Giridih Block,,,,Senadoni,112921,,86.2022,24.24392,sequence:nearest matched station (PS 257),0.2,,,"CEO Jharkhand polling-station register, AC 32 Giridih (ceojh.jharkhand.gov.in/PSdetails), 367 stations"
32,260,M.S Patrodih Hindi East Part,"म0वि0 पतरोडीह, हिन्दी पु0भाग",rural,Giridih Block,,,,Senadoni,112921,,86.20328,24.2415,sequence:nearest matched station (PS 257),0.2,,,"CEO Jharkhand polling-station register, AC 32 Giridih (ceojh.jharkhand.gov.in/PSdetails), 367 stations"
32,261,M.S Patrodih Hindi North Part,"म0वि0 पतरोडीह, हिन्दी उ0भाग",rural,Giridih Block,,,,Senadoni,112921,,86.20424,24.24449,sequence:nearest matched station (PS 257),0.2,,,"CEO Jharkhand polling-station register, AC 32 Giridih (ceojh.jharkhand.gov.in/PSdetails), 367 stations"
32,262,Anganbadi Kendra Patrodih,आंगनबाडी केन्द्र पतरोडीह,rural,Giridih Block,,,,Senadoni,112921,,86.20116,24.24271,sequence:nearest matched station (PS 257),0.2,,,"CEO Jharkhand polling-station register, AC 32 Giridih (ceojh.jharkhand.gov.in/PSdetails), 367 stations"
32,263,Samudaik Bhawan Taratand,सामु0 भवन ताराटांड,rural,Giridih Block,,,,Senadoni,112921,,86.205,24.24187,sequence:nearest matched station (PS 257),0.2,,,"CEO Jharkhand polling-station register, AC 32 Giridih (ceojh.jharkhand.gov.in/PSdetails), 367 stations"
32,264,Ambedkar Sah Samudaik Bhawan Baherwatand,अम्बेडकर सह सामु0 भवन बहेरवाटांड़,rural,Giridih Block,,,,Senadoni,112921,,86.20252,24.24536,sequence:nearest matched station (PS 257),0.2,,,"CEO Jharkhand polling-station register, AC 32 Giridih (ceojh.jharkhand.gov.in/PSdetails), 367 stations"
32,265,Ums Khandiha North Part,उ0म0वि0 खण्डीहा उ0भाग,rural,Giridih Block,Khandiha,352189,352189,Patrodih,112918,,86.30073,24.15697,lgd-village:khandiha,0.6,1.0,,"CEO Jharkhand polling-station register, AC 32 Giridih (ceojh.jharkhand.gov.in/PSdetails), 367 stations"
32,266,Ums Khandiha South Part,उ0म0वि0 खण्डीहा द0भाग,rural,Giridih Block,Khandiha,352189,352189,Patrodih,112918,,86.29979,24.15783,lgd-village:khandiha,0.6,1.0,,"CEO Jharkhand polling-station register, AC 32 Giridih (ceojh.jharkhand.gov.in/PSdetails), 367 stations"
32,267,M.S Chirki,म0 वि0 चिरकी,rural,Pirtand Block,Chirki,352837,352837,Chirki,112975,,86.15722,24.04121,lgd-village:chirki,0.6,1.0,,"CEO Jharkhand polling-station register, AC 32 Giridih (ceojh.jharkhand.gov.in/PSdetails), 367 stations"
32,268,Project Balika H. S. Pirtand,प्रोजेक्ट बालिका उ0 वि0 पीरटांड,rural,Pirtand Block,Pirtanr,352838,352838,Chirki,112975,,86.16206,24.05047,lgd-village-context:pirtand,0.5,0.92,"near spelling, panchayat of its neighbours","CEO Jharkhand polling-station register, AC 32 Giridih (ceojh.jharkhand.gov.in/PSdetails), 367 stations"
32,269,U.M.S.Nawadih,उ0म0 वि0 नावाडीह,rural,Pirtand Block,Nawadih,352836,352836,Bandh,112971,,86.17047,24.04549,lgd-village-context:nawadih,0.5,1.0,namesake nearest its neighbours,"CEO Jharkhand polling-station register, AC 32 Giridih (ceojh.jharkhand.gov.in/PSdetails), 367 stations"
32,270,Ums.Manjhaladih,उ0म0वि0 मंझलाडीह,rural,Pirtand Block,Majhladih,352840,352840,Chirki,112975,,86.1575,24.05983,lgd-village-context:manjhaladih,0.5,0.96,"near spelling, panchayat of its neighbours","CEO Jharkhand polling-station register, AC 32 Giridih (ceojh.jharkhand.gov.in/PSdetails), 367 stations"
32,271,Ums Harladih,उ0म0वि0 हरलाडीह,rural,Pirtand Block,Harladih,352850,352850,Chirki,112975,,86.13254,24.03311,lgd-village-context:harladih,0.5,1.0,exact name,"CEO Jharkhand polling-station register, AC 32 Giridih (ceojh.jharkhand.gov.in/PSdetails), 367 stations"
32,272,Ums Manjhidih,उ0म0वि0 मांझीडीह,rural,Pirtand Block,Majhidih,352765,352765,Chirki,112975,,86.16921,24.07218,lgd-village:manjhidih,0.6,0.95,,"CEO Jharkhand polling-station register, AC 32 Giridih (ceojh.jharkhand.gov.in/PSdetails), 367 stations"
32,273,U.M.S Rajo,उ0 म0 वि0 राजो,rural,Pirtand Block,Rajo,352831,352831,Chirki,112975,,86.20149,24.04861,lgd-village:rajo,0.6,1.0,,"CEO Jharkhand polling-station register, AC 32 Giridih (ceojh.jharkhand.gov.in/PSdetails), 367 stations"
32,274,U.M.S Bhartichalkari,उ0 म0 वि0 भारतीचलकरी,rural,Pirtand Block,Bharthi Chaulkari,352849,352849,Bharati Chalkari,112972,,86.13866,24.04906,lgd-village:bhartichalkari,0.6,0.96,,"CEO Jharkhand polling-station register, AC 32 Giridih (ceojh.jharkhand.gov.in/PSdetails), 367 stations"
32,275,Ums Ledwa,उ0म0वि0 लेडवा,rural,Pirtand Block,,,,Bharati Chalkari,112972,,86.12362,24.06807,sequence:between two stations of this panchayat,0.35,,,"CEO Jharkhand polling-station register, AC 32 Giridih (ceojh.jharkhand.gov.in/PSdetails), 367 stations"
32,276,Ums Chengdhari,उ0म0वि0 चेंगधरी,rural,Pirtand Block,Chengdhari,352846,352846,Bharati Chalkari,112972,,86.10522,24.06769,lgd-village:chengdhari,0.6,1.0,,"CEO Jharkhand polling-station register, AC 32 Giridih (ceojh.jharkhand.gov.in/PSdetails), 367 stations"
32,277,Ums Mangartealiya,उ0म0वि0 मंगरतिलैया,rural,Pirtand Block,Mangartilaia,352845,352845,Bharati Chalkari,112972,,86.09572,24.07049,lgd-village:mangartealiya,0.6,1.0,,"CEO Jharkhand polling-station register, AC 32 Giridih (ceojh.jharkhand.gov.in/PSdetails), 367 stations"
32,278,Ums Tealiyabahiyar,उ0म0वि0 तेलियाबहियार,rural,Pirtand Block,Tilaia Bahiar,352848,352848,Bharati Chalkari,112972,,86.12782,24.05909,lgd-village-context:tealiyabahiyar,0.5,1.0,"near spelling, panchayat of its neighbours","CEO Jharkhand polling-station register, AC 32 Giridih (ceojh.jharkhand.gov.in/PSdetails), 367 stations"
32,279,Ums Kojhiya,उ0म0वि0 कोझिया,rural,Pirtand Block,Kanjhia,352847,352847,Bharati Chalkari,112972,,86.11616,24.0655,lgd-village-context:kojhiya,0.5,0.92,"near spelling, panchayat of its neighbours","CEO Jharkhand polling-station register, AC 32 Giridih (ceojh.jharkhand.gov.in/PSdetails), 367 stations"
32,280,U.H S Ghorchanchi,उ0 उ0 वि0 घोरचांची,rural,Pirtand Block,Ghorchanchi,352784,352784,Nawadih,112983,,86.24887,24.09206,lgd-village:ghorchanchi,0.6,1.0,,"CEO Jharkhand polling-station register, AC 32 Giridih (ceojh.jharkhand.gov.in/PSdetails), 367 stations"
32,281,Ums Ghorbad,उ0म0वि0 घोरबाद,rural,Pirtand Block,Ghorbad,352783,352783,Nawadih,112983,,86.24301,24.09655,lgd-village:ghorbad,0.6,1.0,,"CEO Jharkhand polling-station register, AC 32 Giridih (ceojh.jharkhand.gov.in/PSdetails), 367 stations"
32,282,U.M.S Nawadih-1,उ0 म0 वि0 नावाडीह-1,rural,Pirtand Block,Nawadih,352781,352781,Chirki,112975,,86.23141,24.09581,lgd-village-context:nawadih,0.5,1.0,namesake nearest its neighbours,"CEO Jharkhand polling-station register, AC 32 Giridih (ceojh.jharkhand.gov.in/PSdetails), 367 stations"
32,283,Ums Parasbani,उ0म0वि0परसबनी,rural,Pirtand Block,Parasbani,352791,352791,Nawadih,112983,,86.26538,24.07815,lgd-village:parasbani,0.6,1.0,,"CEO Jharkhand polling-station register, AC 32 Giridih (ceojh.jharkhand.gov.in/PSdetails), 367 stations"
32,284,U.P.S Dumariya Khelar,उ0प्रा0​वि0 डुमरियाखेलार,rural,Pirtand Block,Dumariakhalar,352789,352789,Nawadih,112983,,86.24757,24.06188,lgd-village:dumariyakhelar,0.6,1.0,,"CEO Jharkhand polling-station register, AC 32 Giridih (ceojh.jharkhand.gov.in/PSdetails), 367 stations"
32,285,U.S Kumharlalo East Part,उ0 वि0 कुम्हरलालो पुर्वी भाग,rural,Pirtand Block,Kumharlalo,352780,352780,Kumharlalo,112980,,86.22512,24.10256,lgd-village:kumharlalo,0.6,1.0,,"CEO Jharkhand polling-station register, AC 32 Giridih (ceojh.jharkhand.gov.in/PSdetails), 367 stations"
32,286,U.S Kumharlalo West Part,उ0 वि0 कुम्हरलालो प0 भाग,rural,Pirtand Block,Kumharlalo,352780,352780,Kumharlalo,112980,,86.22418,24.10342,lgd-village:kumharlalo,0.6,1.0,,"CEO Jharkhand polling-station register, AC 32 Giridih (ceojh.jharkhand.gov.in/PSdetails), 367 stations"
32,287,Ums Jharha,उ0म0वि0झरहा,rural,Pirtand Block,Jharha,352763,352763,Kumharlalo,112980,,86.16052,24.08909,lgd-village:jharha,0.6,1.0,,"CEO Jharkhand polling-station register, AC 32 Giridih (ceojh.jharkhand.gov.in/PSdetails), 367 stations"
32,288,M.S Karnpura East Part,म0 वि0 कर्णपुरा पुर्वी भाग,rural,Pirtand Block,Karanpura,352779,352779,Kumharlalo,112980,,86.21553,24.09563,lgd-village:karnapura,0.6,1.0,,"CEO Jharkhand polling-station register, AC 32 Giridih (ceojh.jharkhand.gov.in/PSdetails), 367 stations"
32,289,M.S Karnpura West Part,म0 वि0 कर्णपुरा प भाग,rural,Pirtand Block,Karanpura,352779,352779,Kumharlalo,112980,,86.2146,24.09649,lgd-village:karnapura,0.6,1.0,,"CEO Jharkhand polling-station register, AC 32 Giridih (ceojh.jharkhand.gov.in/PSdetails), 367 stations"
32,290,Ums Diwandih,उ0म0वि0दिवानडीह,rural,Pirtand Block,Dewandih,352762,352762,Kumharlalo,112980,,86.17512,24.09662,lgd-village:diwandih,0.6,1.0,,"CEO Jharkhand polling-station register, AC 32 Giridih (ceojh.jharkhand.gov.in/PSdetails), 367 stations"
32,291,Ums Karpardardih North Part,उ0म0वि0करपरदारडीह उतरी भाग,rural,Pirtand Block,,,,Kumharlalo,112980,,86.20101,24.09944,sequence:nearest matched station (PS 290),0.2,,,"CEO Jharkhand polling-station register, AC 32 Giridih (ceojh.jharkhand.gov.in/PSdetails), 367 stations"
32,292,Ums Karpadardih South Part,उ0म0वि0करपरदारडीह दक्षिणी भाग,rural,Pirtand Block,,,,Kumharlalo,112980,,86.20007,24.10029,sequence:nearest matched station (PS 290),0.2,,,"CEO Jharkhand polling-station register, AC 32 Giridih (ceojh.jharkhand.gov.in/PSdetails), 367 stations"
32,293,M.S. Palganj East Part,म0 वि0 पालगंज पुर्वी भाग,rural,Pirtand Block,Palganj,352774,352774,Palganj,112984,,86.21854,24.07772,lgd-village:palganj,0.6,1.0,,"CEO Jharkhand polling-station register, AC 32 Giridih (ceojh.jharkhand.gov.in/PSdetails), 367 stations"
32,294,M.S. Palganj West Part,म0 वि0 पालगंज प0 भाग,rural,Pirtand Block,Palganj,352774,352774,Palganj,112984,,86.2176,24.07858,lgd-village:palganj,0.6,1.0,,"CEO Jharkhand polling-station register, AC 32 Giridih (ceojh.jharkhand.gov.in/PSdetails), 367 stations"
32,295,U.M.S Palganj  Heth Tola East Part,उ0 म0 वि0 पालगंज हेट टोला पुर्वी भाग,rural,Pirtand Block,Palganj,352774,352774,Palganj,112984,,86.21867,24.07617,lgd-village:palganj,0.6,1.0,,"CEO Jharkhand polling-station register, AC 32 Giridih (ceojh.jharkhand.gov.in/PSdetails), 367 stations"
32,296,U. M.S Palganj Niche Tola West Part,उ0 म0 वि0 पालगंज हेट टोला प0 भाग,rural,Pirtand Block,Palganj,352774,352774,Palganj,112984,,86.21963,24.07915,lgd-village:palganj,0.6,1.0,,"CEO Jharkhand polling-station register, AC 32 Giridih (ceojh.jharkhand.gov.in/PSdetails), 367 stations"
32,297,U.M.S. Parasnath,उ0 म0 वि0 पारसनाथ,rural,Pirtand Block,Parasnath Hill,352854,352854,Madhuban,112981,,86.13699,23.96539,lgd-village:parasnath,0.6,0.97,,"CEO Jharkhand polling-station register, AC 32 Giridih (ceojh.jharkhand.gov.in/PSdetails), 367 stations"
32,298,U.M.S. Pipradih,उ0 म0 वि0 पीपराडीह,rural,Pirtand Block,Pipradih,352869,352869,Madhuban,112981,,86.17002,23.98962,lgd-village-context:pipradih,0.5,1.0,namesake nearest its neighbours,"CEO Jharkhand polling-station register, AC 32 Giridih (ceojh.jharkhand.gov.in/PSdetails), 367 stations"
32,299,U.M.S. Birangada East. Part,उ0 म0 वि0 बिरनगडा पुर्वी भाग,rural,Pirtand Block,Birangadda,352857,352857,Madhuban,112981,,86.14963,24.01228,lgd-village:birangada,0.6,1.0,,"CEO Jharkhand polling-station register, AC 32 Giridih (ceojh.jharkhand.gov.in/PSdetails), 367 stations"
32,300,U.M.S. Birangada West Part,उ0 म0 वि0 बिरनगडा प0 भाग,rural,Pirtand Block,Birangadda,352857,352857,Madhuban,112981,,86.14869,24.01314,lgd-village:birangada,0.6,1.0,,"CEO Jharkhand polling-station register, AC 32 Giridih (ceojh.jharkhand.gov.in/PSdetails), 367 stations"
32,301,U.P.S. Singhpur,उ0 प्रा0 वि0 सिंहपुर,rural,Pirtand Block,Singhpur,352852,352852,Madhuban,112981,,86.13149,24.01712,lgd-village:singhpur,0.6,1.0,,"CEO Jharkhand polling-station register, AC 32 Giridih (ceojh.jharkhand.gov.in/PSdetails), 367 stations"
32,302,Panchayat Bhawan Madhuban East. Part,पंचायत भवन मधुबन पुर्वी भाग,rural,Pirtand Block,Madhuban,352856,352856,Madhuban,112981,,86.15649,24.00531,lgd-village:madhuban,0.6,1.0,,"CEO Jharkhand polling-station register, AC 32 Giridih (ceojh.jharkhand.gov.in/PSdetails), 367 stations"
32,303,Panchayat Bhawan Madhuban West. Part,पंचायत भवन मधुबन पश्चमी भाग,rural,Pirtand Block,Madhuban,352856,352856,Madhuban,112981,,86.15555,24.00617,lgd-village:madhuban,0.6,1.0,,"CEO Jharkhand polling-station register, AC 32 Giridih (ceojh.jharkhand.gov.in/PSdetails), 367 stations"
32,304,U.M.S. Madhuban,उ0 म0 वि0 मधुबन,rural,Pirtand Block,Madhuban,352856,352856,Madhuban,112981,,86.15662,24.00376,lgd-village:madhuban,0.6,1.0,,"CEO Jharkhand polling-station register, AC 32 Giridih (ceojh.jharkhand.gov.in/PSdetails), 367 stations"
32,305,U.M.S. Barasingha,उ0 म0 वि0 बारासिंघा,rural,Pirtand Block,Barasingha,352862,352862,Bandh,112971,,86.20041,24.02661,lgd-village:barasingha,0.6,1.0,,"CEO Jharkhand polling-station register, AC 32 Giridih (ceojh.jharkhand.gov.in/PSdetails), 367 stations"
32,306,U.M.S Bandh,उ0 म0 वि0 बाध,rural,Pirtand Block,Bandh,352832,352832,Bandh,112971,,86.18616,24.03849,lgd-village:bandh,0.6,1.0,,"CEO Jharkhand polling-station register, AC 32 Giridih (ceojh.jharkhand.gov.in/PSdetails), 367 stations"
32,307,U.H.S Pandeydih,उ0 उ0 वि0 पाण्डेयडीह,rural,Pirtand Block,Pandeydih,352889,352889,Kumharlalo,112980,,86.18423,23.99228,lgd-village:pandeydih,0.6,1.0,,"CEO Jharkhand polling-station register, AC 32 Giridih (ceojh.jharkhand.gov.in/PSdetails), 367 stations"
32,308,U.H.S Pokharna East Part,उ0 उ0 वि0 पोखरना पु0 भाग,rural,Pirtand Block,Pokharna,352905,352905,Kharpoka,112977,,86.26156,24.00614,lgd-village:pokharna,0.6,1.0,,"CEO Jharkhand polling-station register, AC 32 Giridih (ceojh.jharkhand.gov.in/PSdetails), 367 stations"
32,309,U H.S Pokharna West Part,उ0 उ वि0 पोखरना प0 भाग,rural,Pirtand Block,Pokharna,352905,352905,Kharpoka,112977,,86.26062,24.007,lgd-village:pokharna,0.6,1.0,,"CEO Jharkhand polling-station register, AC 32 Giridih (ceojh.jharkhand.gov.in/PSdetails), 367 stations"
32,310,M.S Kharpoka East Part Urdu,म0 वि0 खरपोका पु0 भाग उर्दु,rural,Pirtand Block,Kharpoka,352901,352901,Kharpoka,112977,,86.23872,24.01874,lgd-village:kharpoka,0.6,1.0,,"CEO Jharkhand polling-station register, AC 32 Giridih (ceojh.jharkhand.gov.in/PSdetails), 367 stations"
32,311,M.S Kharpoka West Part Urdu,म0 वि0 खरपोका प0 भाग उर्दु,rural,Pirtand Block,Kharpoka,352901,352901,Kharpoka,112977,,86.23778,24.0196,lgd-village:kharpoka,0.6,1.0,,"CEO Jharkhand polling-station register, AC 32 Giridih (ceojh.jharkhand.gov.in/PSdetails), 367 stations"
32,312,U.M.S. Dubiyabeda,उ0 म0 वि0 दुबियाबेडा,rural,Pirtand Block,,,,Kharpoka,112977,,86.24292,24.01755,sequence:between two stations of this panchayat,0.35,,,"CEO Jharkhand polling-station register, AC 32 Giridih (ceojh.jharkhand.gov.in/PSdetails), 367 stations"
32,313,U.M.S. Khambharbad,उ0 म0 वि0 खम्भरबाद,rural,Pirtand Block,,,,Kharpoka,112977,,86.24198,24.01841,sequence:between two stations of this panchayat,0.35,,"name matches a village of Pirtand block, but it is in the Pirtand run","CEO Jharkhand polling-station register, AC 32 Giridih (ceojh.jharkhand.gov.in/PSdetails), 367 stations"
32,314,U.M.S. Kodadih,उ0 म0 वि0 कोडाडीह,rural,Pirtand Block,Koradih,352807,352807,Kharpoka,112977,,86.28174,24.00968,lgd-village-context:kodadih,0.5,0.92,"near spelling, panchayat of its neighbours","CEO Jharkhand polling-station register, AC 32 Giridih (ceojh.jharkhand.gov.in/PSdetails), 367 stations"
32,315,U.M.S. Dondosimar,उ0 म0 वि0 दोन्दोसिमर,rural,Pirtand Block,Dando Semar,352814,352814,Kharpoka,112977,,86.26118,24.03403,lgd-village-context:dondosimar,0.5,1.0,"near spelling, panchayat of its neighbours","CEO Jharkhand polling-station register, AC 32 Giridih (ceojh.jharkhand.gov.in/PSdetails), 367 stations"
32,316,U.S Bariyarpur,उ0 वि0 बरियारपुर,rural,Pirtand Block,Bariarpur,352821,352821,Khukhara,112978,,86.2158,24.01602,lgd-village-context:bariyarpur,0.5,1.0,namesake nearest its neighbours,"CEO Jharkhand polling-station register, AC 32 Giridih (ceojh.jharkhand.gov.in/PSdetails), 367 stations"
32,317,U.M.S. Chethrudih,उ0 म0 वि0 चेथरूडीह,rural,Pirtand Block,Chethrudih,352823,352823,Khukhara,112978,,86.21641,24.01059,lgd-village:chethrudih,0.6,1.0,,"CEO Jharkhand polling-station register, AC 32 Giridih (ceojh.jharkhand.gov.in/PSdetails), 367 stations"
32,318,M.S Khukhra North Part,म0 वि0 खुखरा उ0 भाग,rural,Pirtand Block,Khukhra,352899,352899,Khukhara,112978,,86.21916,24.00224,lgd-village:khukhra,0.6,1.0,,"CEO Jharkhand polling-station register, AC 32 Giridih (ceojh.jharkhand.gov.in/PSdetails), 367 stations"
32,319,M.S Khukhra South Part,म0 वि0 खुखरा द0 भाग,rural,Pirtand Block,Khukhra,352899,352899,Khukhara,112978,,86.21823,24.0031,lgd-village:khukhra,0.6,1.0,,"CEO Jharkhand polling-station register, AC 32 Giridih (ceojh.jharkhand.gov.in/PSdetails), 367 stations"
32,320,U.P.S. Karmatand,उ0 प्रा0 वि0 कर्माटांड,rural,Pirtand Block,Karmatanr,352941,352941,Khukhara,112978,,86.26921,23.99031,lgd-village-context:karmatand,0.5,0.93,"near spelling, panchayat of its neighbours","CEO Jharkhand polling-station register, AC 32 Giridih (ceojh.jharkhand.gov.in/PSdetails), 367 stations"
32,321,U.M.S. Padariyatand East Part,उ0 म0 वि0 पडरियाटांड पु0 भाग,rural,Pirtand Block,,,,Khukhara,112978,,86.22722,24.00314,sequence:nearest matched station (PS 320),0.2,,,"CEO Jharkhand polling-station register, AC 32 Giridih (ceojh.jharkhand.gov.in/PSdetails), 367 stations"
32,322,U.M.S Padariyatand West Part,उ०म०वि0 पडरियाटाड प0 भाग,rural,Pirtand Block,,,,Khukhara,112978,,86.22628,24.004,sequence:nearest matched station (PS 320),0.2,,,"CEO Jharkhand polling-station register, AC 32 Giridih (ceojh.jharkhand.gov.in/PSdetails), 367 stations"
32,323,U.M.S. Dardmara,उ0 म0 वि0 दर्दमारा,rural,Pirtand Block,Dardmara,352798,352798,Simarkothi,112985,,86.31581,24.01852,lgd-village:dardmara,0.6,1.0,,"CEO Jharkhand polling-station register, AC 32 Giridih (ceojh.jharkhand.gov.in/PSdetails), 367 stations"
32,324,U.M.S. Maheshlitti,उ0 म0 वि0 महेशलिट्टी,rural,Pirtand Block,Mahesliti,352804,352804,Simarkothi,112985,,86.29467,24.01664,lgd-village:maheshlitti,0.6,1.0,,"CEO Jharkhand polling-station register, AC 32 Giridih (ceojh.jharkhand.gov.in/PSdetails), 367 stations"
32,325,Ups. Jamdaha,उ0प्रा0​वि0 जमदाहा,rural,Pirtand Block,Jamdaha,352805,352805,Simarkothi,112985,,86.29234,23.99887,lgd-village:jamdaha,0.6,1.0,,"CEO Jharkhand polling-station register, AC 32 Giridih (ceojh.jharkhand.gov.in/PSdetails), 367 stations"
32,326,M.S Harladih,म0 वि0 हरलाडीह,rural,Pirtand Block,,,,Simarkothi,112985,,86.3148,24.01029,sequence:nearest matched station (PS 325),0.2,,,"CEO Jharkhand polling-station register, AC 32 Giridih (ceojh.jharkhand.gov.in/PSdetails), 367 stations"
32,327,U.M.S. Shaharpura,उ0 म0 वि0 शहरपुरा,rural,Pirtand Block,,,,Simarkothi,112985,,86.31386,24.01115,sequence:nearest matched station (PS 325),0.2,,,"CEO Jharkhand polling-station register, AC 32 Giridih (ceojh.jharkhand.gov.in/PSdetails), 367 stations"
32,328,Anganbadi Kendra Bhawanand,आगनबाडी केन्द्र भावानन्द,rural,Pirtand Block,Bhawanand,352947,352947,Harladih,112976,,86.30727,23.9611,lgd-village:bhawanand,0.6,1.0,,"CEO Jharkhand polling-station register, AC 32 Giridih (ceojh.jharkhand.gov.in/PSdetails), 367 stations"
32,329,U.M.S. Arbeka,उ0 म0 वि0 अरबेका,rural,Pirtand Block,Arbeka,352946,352946,Harladih,112976,,86.30604,23.97558,lgd-village:arbeka,0.6,1.0,,"CEO Jharkhand polling-station register, AC 32 Giridih (ceojh.jharkhand.gov.in/PSdetails), 367 stations"
32,330,U.P.S. Pipradih Kolhariya,उ0 प्रा0 वि0 पीपराडीह कोलहरिया,rural,Pirtand Block,Pipradih,352945,352945,Harladih,112976,,86.29313,23.96873,lgd-village-context:pipradih,0.5,1.0,namesake nearest its neighbours,"CEO Jharkhand polling-station register, AC 32 Giridih (ceojh.jharkhand.gov.in/PSdetails), 367 stations"
32,331,U.M.S. Palma,उ0 म0 वि0 पलमा,rural,Pirtand Block,Palma,352949,352949,Harladih,112976,,86.29743,23.94586,lgd-village:palma,0.6,1.0,,"CEO Jharkhand polling-station register, AC 32 Giridih (ceojh.jharkhand.gov.in/PSdetails), 367 stations"
32,332,U.M.S. Masnotand,उ0 म0 वि0 मसनोटांड,rural,Pirtand Block,Masnutanr,352816,352816,Chilga,112974,,86.2348,24.05381,lgd-village-context:masnotand,0.5,0.93,"near spelling, panchayat of its neighbours","CEO Jharkhand polling-station register, AC 32 Giridih (ceojh.jharkhand.gov.in/PSdetails), 367 stations"
32,333,Uhs Pandanatand,उ0उ0वि0 पन्दनाटाड,rural,Pirtand Block,Pandnatanr,352817,352817,Chilga,112974,,86.23093,24.04163,lgd-village-context:pandanatand,0.5,0.94,"near spelling, panchayat of its neighbours","CEO Jharkhand polling-station register, AC 32 Giridih (ceojh.jharkhand.gov.in/PSdetails), 367 stations"
32,334,U.M.S Chilga,उ0 म0 वि0 चिलगा,rural,Pirtand Block,Chilga,352818,352818,Chilga,112974,,86.24208,24.03715,lgd-village:chilga,0.6,1.0,,"CEO Jharkhand polling-station register, AC 32 Giridih (ceojh.jharkhand.gov.in/PSdetails), 367 stations"
32,335,U.M.S. Karando,उ0 म0 वि0 करन्दो,rural,Pirtand Block,Karando,352828,352828,Chilga,112974,,86.21688,24.03813,lgd-village:karando,0.6,1.0,,"CEO Jharkhand polling-station register, AC 32 Giridih (ceojh.jharkhand.gov.in/PSdetails), 367 stations"
32,336,U.M.S. Manjira,उ0 म0 वि0 मंजीरा,rural,Pirtand Block,Majira,352827,352827,Chilga,112974,,86.21468,24.02978,lgd-village-context:manjira,0.5,0.92,"near spelling, panchayat of its neighbours","CEO Jharkhand polling-station register, AC 32 Giridih (ceojh.jharkhand.gov.in/PSdetails), 367 stations"
32,337,U.M.S Bardahi Lachanpur,उ0 म0 वि0 बरदही लक्षणपुर,rural,Pirtand Block,Bardahi,352815,352815,Chilga,112974,,86.25297,24.04728,lgd-village-context:bardahi,0.5,1.0,exact name,"CEO Jharkhand polling-station register, AC 32 Giridih (ceojh.jharkhand.gov.in/PSdetails), 367 stations"
32,338,U.H S Bishunpur,उ0 उ0 वि0 विशनपुर,rural,Pirtand Block,Bishunpur,352793,352793,Bishunpur,112973,,86.28548,24.0537,lgd-village:bishunpur,0.6,1.0,,"CEO Jharkhand polling-station register, AC 32 Giridih (ceojh.jharkhand.gov.in/PSdetails), 367 stations"
32,339,U.M.S Bhalupahadi,उ0 म0 वि0 भलुआपहाडी,rural,Pirtand Block,,,,Bishunpur,112973,,86.31574,24.0514,sequence:nearest matched station (PS 338),0.2,,,"CEO Jharkhand polling-station register, AC 32 Giridih (ceojh.jharkhand.gov.in/PSdetails), 367 stations"
32,340,U.P.S Mahdudih,उ0 प्रा0 वि0 महदूडीह,rural,Pirtand Block,Mahadeodih,352775,352775,Palganj,112984,,86.21479,24.0829,lgd-village:mahadudiha,0.6,1.0,,"CEO Jharkhand polling-station register, AC 32 Giridih (ceojh.jharkhand.gov.in/PSdetails), 367 stations"
32,341,U.M.S Ghatadih,उ0 म0 वि0 घटाडीह,rural,Pirtand Block,Ghatadih,352811,352811,Bishunpur,112973,,86.27405,24.04401,lgd-village:ghatadih,0.6,1.0,,"CEO Jharkhand polling-station register, AC 32 Giridih (ceojh.jharkhand.gov.in/PSdetails), 367 stations"
32,342,U.M.S Khetadabar,उ0 म0 वि0 खेताडाबर,rural,Pirtand Block,Khetadabar,352795,352795,Bishunpur,112973,,86.31454,24.04752,lgd-village:khetadabar,0.6,1.0,,"CEO Jharkhand polling-station register, AC 32 Giridih (ceojh.jharkhand.gov.in/PSdetails), 367 stations"
32,343,U.M.S. Angouya East Part,उ0 म0 वि0 अंगौया पुर्वी भाग,rural,Pirtand Block,Angaia,352796,352796,Bishunpur,112973,,86.32728,24.04422,lgd-village:angauya,0.6,1.0,,"CEO Jharkhand polling-station register, AC 32 Giridih (ceojh.jharkhand.gov.in/PSdetails), 367 stations"
32,344,U.M.S. Angouya West Part,उ0 म0 वि0 अंगौया प0 भाग,rural,Pirtand Block,Angaia,352796,352796,Bishunpur,112973,,86.32634,24.04508,lgd-village:angauya,0.6,1.0,,"CEO Jharkhand polling-station register, AC 32 Giridih (ceojh.jharkhand.gov.in/PSdetails), 367 stations"
32,345,U.P.S Kolhariya Mandro,उ०प्रा०वि० कोल्हरिया मंडरो,rural,Pirtand Block,Mandro,352942,352942,Mandaro,112982,,86.27918,23.98604,lgd-village:mandro,0.6,1.0,,"CEO Jharkhand polling-station register, AC 32 Giridih (ceojh.jharkhand.gov.in/PSdetails), 367 stations"
32,346,U.M.S. Khawastand,उ0 म0 वि0 ख़वासटांड,rural,Pirtand Block,,,,Mandaro,112982,,86.28289,23.98929,sequence:nearest matched station (PS 345),0.2,,,"CEO Jharkhand polling-station register, AC 32 Giridih (ceojh.jharkhand.gov.in/PSdetails), 367 stations"
32,347,U.M.S. Monatand,उ0 म0 वि0 मोनाटांड,rural,Pirtand Block,,,,Mandaro,112982,,86.28196,23.99015,sequence:nearest matched station (PS 345),0.2,,,"CEO Jharkhand polling-station register, AC 32 Giridih (ceojh.jharkhand.gov.in/PSdetails), 367 stations"
32,348,U.M.S.Barwadih,उ0 म0 वि0 बरवाडीह,rural,Pirtand Block,Barwadih,352800,352800,Simarkothi,112985,,86.322,23.9976,lgd-village-context:barwadih,0.5,1.0,namesake nearest its neighbours,"CEO Jharkhand polling-station register, AC 32 Giridih (ceojh.jharkhand.gov.in/PSdetails), 367 stations"
32,349,U.M.S. Kudko East Part,उ0 म0 वि0 कुडको पु0 भाग,rural,Pirtand Block,,,,Simarkothi,112985,,86.31494,24.00874,sequence:nearest matched station (PS 348),0.2,,,"CEO Jharkhand polling-station register, AC 32 Giridih (ceojh.jharkhand.gov.in/PSdetails), 367 stations"
32,350,U.M.S. Kudko West Part,उ0 म0 वि0 कुडको प0 भाग,rural,Pirtand Block,,,,Simarkothi,112985,,86.31589,24.01172,sequence:nearest matched station (PS 348),0.2,,,"CEO Jharkhand polling-station register, AC 32 Giridih (ceojh.jharkhand.gov.in/PSdetails), 367 stations"
32,351,U.M.S. Kudko Middlepart,उ0 म0 वि0 कुडको म0 भाग,rural,Pirtand Block,,,,Simarkothi,112985,,86.31282,24.00994,sequence:nearest matched station (PS 348),0.2,,,"CEO Jharkhand polling-station register, AC 32 Giridih (ceojh.jharkhand.gov.in/PSdetails), 367 stations"
32,352,Ums Manjhladih (Hardiya),उ0म0वि0 मंझलाडीह (हरदिया),rural,Pirtand Block,Majhladih,352937,352937,Kudko,112979,,86.27276,23.96814,lgd-village-context:manjhladih,0.5,0.96,"near spelling, panchayat of its neighbours","CEO Jharkhand polling-station register, AC 32 Giridih (ceojh.jharkhand.gov.in/PSdetails), 367 stations"
32,353,Ums Badro,उ0म0वि0 बदरो,rural,Pirtand Block,Badro,352952,352952,Kudko,112979,,86.26989,23.93955,lgd-village:badro,0.6,1.0,,"CEO Jharkhand polling-station register, AC 32 Giridih (ceojh.jharkhand.gov.in/PSdetails), 367 stations"
32,354,Ums Pahadpur,उ0म0वि0 पहाडपुर,rural,Pirtand Block,Paharpur,352954,352954,Kudko,112979,,86.28322,23.9266,lgd-village:paharpur,0.6,1.0,,"CEO Jharkhand polling-station register, AC 32 Giridih (ceojh.jharkhand.gov.in/PSdetails), 367 stations"
32,355,Uhs. Jabardhaha,उ0उ0वि0 जबरदाहा,rural,Pirtand Block,Jabardaha,352955,352955,Kudko,112979,,86.28318,23.94251,lgd-village:jabardhaha,0.6,1.0,,"CEO Jharkhand polling-station register, AC 32 Giridih (ceojh.jharkhand.gov.in/PSdetails), 367 stations"
32,356,U.U.S Sobranpur East Part,उ0उ0वि0 सोबरनपुर पु0भाग,rural,Pirtand Block,Sobranpur,352916,352916,Badgawan,112970,,86.24133,23.97802,lgd-village:sobranpur,0.6,1.0,,"CEO Jharkhand polling-station register, AC 32 Giridih (ceojh.jharkhand.gov.in/PSdetails), 367 stations"
32,357,U.U.S Sobranpur West Part,उ0उ0वि0 सोबरनपुर प0 भाग,rural,Pirtand Block,Sobranpur,352916,352916,Badgawan,112970,,86.24039,23.97888,lgd-village:sobranpur,0.6,1.0,,"CEO Jharkhand polling-station register, AC 32 Giridih (ceojh.jharkhand.gov.in/PSdetails), 367 stations"
32,358,Ups Rajpura,उ0प्रा0वि0 राजपुरा,rural,Pirtand Block,Rajpura,352933,352933,Badgawan,112970,,86.24117,23.9669,lgd-village:rajpura,0.6,1.0,,"CEO Jharkhand polling-station register, AC 32 Giridih (ceojh.jharkhand.gov.in/PSdetails), 367 stations"
32,359,Ums Baragadhi,उ0म0वि0 बारागढी,rural,Pirtand Block,,,,Badgawan,112970,,86.23802,23.95548,sequence:between two stations of this panchayat,0.35,,,"CEO Jharkhand polling-station register, AC 32 Giridih (ceojh.jharkhand.gov.in/PSdetails), 367 stations"
32,360,U.U.S Badgawan East Part,उ0उ0वि0बदगावॉं पु0भाग,rural,Pirtand Block,Badgaon,352925,352925,Badgawan,112970,,86.2287,23.94932,lgd-village:badgawan,0.6,0.95,,"CEO Jharkhand polling-station register, AC 32 Giridih (ceojh.jharkhand.gov.in/PSdetails), 367 stations"
32,361,U.M.Sbansamri Gamhra,उ0म0वि0 बनसिमरी गम्हरा,rural,Pirtand Block,Bansimri,352953,352953,Kudko,112979,,86.26953,23.92843,lgd-village:banasimari,0.6,1.0,,"CEO Jharkhand polling-station register, AC 32 Giridih (ceojh.jharkhand.gov.in/PSdetails), 367 stations"
32,362,Ums Noukaniya East Part,उ0म0वि0 नौकानिया पु0भाग,rural,Pirtand Block,Noukonia,352880,352880,Tuiyo,112986,,86.21131,23.96822,lgd-village:noukaniya,0.6,1.0,,"CEO Jharkhand polling-station register, AC 32 Giridih (ceojh.jharkhand.gov.in/PSdetails), 367 stations"
32,363,Ums Noukaniya West Part,उ0म0वि0 नौकानिया प0भाग,rural,Pirtand Block,Noukonia,352880,352880,Tuiyo,112986,,86.21037,23.96908,lgd-village:noukaniya,0.6,1.0,,"CEO Jharkhand polling-station register, AC 32 Giridih (ceojh.jharkhand.gov.in/PSdetails), 367 stations"
32,364,Ums Chatro,उ0म0वि0 चतरो,rural,Pirtand Block,Chatro,352874,352874,Tuiyo,112986,,86.19252,23.96509,lgd-village:chatro,0.6,1.0,,"CEO Jharkhand polling-station register, AC 32 Giridih (ceojh.jharkhand.gov.in/PSdetails), 367 stations"
32,365,Ums Tuiyo,उ0म0वि0 तुइयो,rural,Pirtand Block,Tuio,352882,352882,Tuiyo,112986,,86.22664,23.97629,lgd-village:tuiyo,0.6,1.0,,"CEO Jharkhand polling-station register, AC 32 Giridih (ceojh.jharkhand.gov.in/PSdetails), 367 stations"
32,366,Ups Manjhiladih,उ0प्रा0वि0 मंझिलाडीह,rural,Pirtand Block,Majhladih,352885,352885,Tuiyo,112986,,86.21028,23.98563,lgd-village-context:manjhiladih,0.5,0.96,"near spelling, panchayat of its neighbours","CEO Jharkhand polling-station register, AC 32 Giridih (ceojh.jharkhand.gov.in/PSdetails), 367 stations"
32,367,Ums Sohraiya,उ0म0वि0 सोहरैया,rural,Pirtand Block,Sohraia,352924,352924,Tuiyo,112986,,86.21595,23.95094,lgd-village:sohraiya,0.6,1.0,,"CEO Jharkhand polling-station register, AC 32 Giridih (ceojh.jharkhand.gov.in/PSdetails), 367 stations"
